[    3502ms] [INFO] %cDownload the React DevTools for a better development experience: https://react.dev/link/react-devtools font-weight:bold @ http://nbrs-fe.test/_next/static/chunks/node_modules_next_dist_1ybzpk2._.js:2489
[    3674ms] [ERROR] WebSocket connection to 'ws://nbrs-fe.test/_next/webpack-hmr?id=xjIi4EZ8FcVQctO8X9ZEa' failed: Error during WebSocket handshake: Unexpected response code: 403 @ http://nbrs-fe.test/_next/static/chunks/node_modules_next_dist_client_0r5nbpw._.js:13422
[    4704ms] [ERROR] WebSocket connection to 'ws://nbrs-fe.test/_next/webpack-hmr?id=xjIi4EZ8FcVQctO8X9ZEa' failed: Error during WebSocket handshake: Unexpected response code: 403 @ http://nbrs-fe.test/_next/static/chunks/node_modules_next_dist_client_0r5nbpw._.js:13422
[    5715ms] [ERROR] WebSocket connection to 'ws://nbrs-fe.test/_next/webpack-hmr?id=xjIi4EZ8FcVQctO8X9ZEa' failed: Error during WebSocket handshake: Unexpected response code: 403 @ http://nbrs-fe.test/_next/static/chunks/node_modules_next_dist_client_0r5nbpw._.js:13422
[    6725ms] [ERROR] WebSocket connection to 'ws://nbrs-fe.test/_next/webpack-hmr?id=xjIi4EZ8FcVQctO8X9ZEa' failed: Error during WebSocket handshake: Unexpected response code: 403 @ http://nbrs-fe.test/_next/static/chunks/node_modules_next_dist_client_0r5nbpw._.js:13422
[    7741ms] [ERROR] WebSocket connection to 'ws://nbrs-fe.test/_next/webpack-hmr?id=xjIi4EZ8FcVQctO8X9ZEa' failed: Error during WebSocket handshake: Unexpected response code: 403 @ http://nbrs-fe.test/_next/static/chunks/node_modules_next_dist_client_0r5nbpw._.js:13422
[    8775ms] [ERROR] WebSocket connection to 'ws://nbrs-fe.test/_next/webpack-hmr?id=xjIi4EZ8FcVQctO8X9ZEa' failed: Error during WebSocket handshake: Unexpected response code: 403 @ http://nbrs-fe.test/_next/static/chunks/node_modules_next_dist_client_0r5nbpw._.js:13422
[   13827ms] [ERROR] WebSocket connection to 'ws://nbrs-fe.test/_next/webpack-hmr?id=xjIi4EZ8FcVQctO8X9ZEa' failed: Error during WebSocket handshake: Unexpected response code: 403 @ http://nbrs-fe.test/_next/static/chunks/node_modules_next_dist_client_0r5nbpw._.js:13422
[   18855ms] [ERROR] WebSocket connection to 'ws://nbrs-fe.test/_next/webpack-hmr?id=xjIi4EZ8FcVQctO8X9ZEa' failed: Error during WebSocket handshake: Unexpected response code: 403 @ http://nbrs-fe.test/_next/static/chunks/node_modules_next_dist_client_0r5nbpw._.js:13422
[   23887ms] [ERROR] WebSocket connection to 'ws://nbrs-fe.test/_next/webpack-hmr?id=xjIi4EZ8FcVQctO8X9ZEa' failed: Error during WebSocket handshake: Unexpected response code: 403 @ http://nbrs-fe.test/_next/static/chunks/node_modules_next_dist_client_0r5nbpw._.js:13422
[   28920ms] [ERROR] WebSocket connection to 'ws://nbrs-fe.test/_next/webpack-hmr?id=xjIi4EZ8FcVQctO8X9ZEa' failed: Error during WebSocket handshake: Unexpected response code: 403 @ http://nbrs-fe.test/_next/static/chunks/node_modules_next_dist_client_0r5nbpw._.js:13422
[   33970ms] [ERROR] WebSocket connection to 'ws://nbrs-fe.test/_next/webpack-hmr?id=xjIi4EZ8FcVQctO8X9ZEa' failed: Error during WebSocket handshake: Unexpected response code: 403 @ http://nbrs-fe.test/_next/static/chunks/node_modules_next_dist_client_0r5nbpw._.js:13422
[   39145ms] [ERROR] WebSocket connection to 'ws://nbrs-fe.test/_next/webpack-hmr?id=xjIi4EZ8FcVQctO8X9ZEa' failed: Error during WebSocket handshake: Unexpected response code: 403 @ http://nbrs-fe.test/_next/static/chunks/node_modules_next_dist_client_0r5nbpw._.js:13422
[   44453ms] [ERROR] WebSocket connection to 'ws://nbrs-fe.test/_next/webpack-hmr?id=xjIi4EZ8FcVQctO8X9ZEa' failed: Error during WebSocket handshake: Unexpected response code: 403 @ http://nbrs-fe.test/_next/static/chunks/node_modules_next_dist_client_0r5nbpw._.js:13422
[   46088ms] [INFO] %cDownload the React DevTools for a better development experience: https://react.dev/link/react-devtools font-weight:bold @ http://nbrs-fe.test/_next/static/chunks/node_modules_next_dist_1ybzpk2._.js:2489
[   46627ms] [ERROR] WebSocket connection to 'ws://nbrs-fe.test/_next/webpack-hmr?id=rPLdtGWHSLNBI-FXcm-fR' failed: Error during WebSocket handshake: Unexpected response code: 403 @ http://nbrs-fe.test/_next/static/chunks/node_modules_next_dist_client_0r5nbpw._.js:13422
[   48308ms] [ERROR] WebSocket connection to 'ws://nbrs-fe.test/_next/webpack-hmr?id=rPLdtGWHSLNBI-FXcm-fR' failed: Error during WebSocket handshake: Unexpected response code: 403 @ http://nbrs-fe.test/_next/static/chunks/node_modules_next_dist_client_0r5nbpw._.js:13422
[   50200ms] [ERROR] WebSocket connection to 'ws://nbrs-fe.test/_next/webpack-hmr?id=rPLdtGWHSLNBI-FXcm-fR' failed: Error during WebSocket handshake: Unexpected response code: 403 @ http://nbrs-fe.test/_next/static/chunks/node_modules_next_dist_client_0r5nbpw._.js:13422
[   52464ms] [ERROR] WebSocket connection to 'ws://nbrs-fe.test/_next/webpack-hmr?id=rPLdtGWHSLNBI-FXcm-fR' failed: Error during WebSocket handshake: Unexpected response code: 403 @ http://nbrs-fe.test/_next/static/chunks/node_modules_next_dist_client_0r5nbpw._.js:13422
[   55649ms] [ERROR] WebSocket connection to 'ws://nbrs-fe.test/_next/webpack-hmr?id=rPLdtGWHSLNBI-FXcm-fR' failed: Error during WebSocket handshake: Unexpected response code: 403 @ http://nbrs-fe.test/_next/static/chunks/node_modules_next_dist_client_0r5nbpw._.js:13422
[   61157ms] [ERROR] WebSocket connection to 'ws://nbrs-fe.test/_next/webpack-hmr?id=rPLdtGWHSLNBI-FXcm-fR' failed: Error during WebSocket handshake: Unexpected response code: 403 @ http://nbrs-fe.test/_next/static/chunks/node_modules_next_dist_client_0r5nbpw._.js:13422
[   69561ms] [ERROR] WebSocket connection to 'ws://nbrs-fe.test/_next/webpack-hmr?id=rPLdtGWHSLNBI-FXcm-fR' failed: Error during WebSocket handshake: Unexpected response code: 403 @ http://nbrs-fe.test/_next/static/chunks/node_modules_next_dist_client_0r5nbpw._.js:13422
[   76071ms] [ERROR] WebSocket connection to 'ws://nbrs-fe.test/_next/webpack-hmr?id=rPLdtGWHSLNBI-FXcm-fR' failed: Error during WebSocket handshake: Unexpected response code: 403 @ http://nbrs-fe.test/_next/static/chunks/node_modules_next_dist_client_0r5nbpw._.js:13422
[   85679ms] [ERROR] WebSocket connection to 'ws://nbrs-fe.test/_next/webpack-hmr?id=rPLdtGWHSLNBI-FXcm-fR' failed: Error during WebSocket handshake: Unexpected response code: 403 @ http://nbrs-fe.test/_next/static/chunks/node_modules_next_dist_client_0r5nbpw._.js:13422
[   91863ms] [ERROR] WebSocket connection to 'ws://nbrs-fe.test/_next/webpack-hmr?id=rPLdtGWHSLNBI-FXcm-fR' failed: Error during WebSocket handshake: Unexpected response code: 403 @ http://nbrs-fe.test/_next/static/chunks/node_modules_next_dist_client_0r5nbpw._.js:13422
[   99990ms] [ERROR] WebSocket connection to 'ws://nbrs-fe.test/_next/webpack-hmr?id=rPLdtGWHSLNBI-FXcm-fR' failed: Error during WebSocket handshake: Unexpected response code: 403 @ http://nbrs-fe.test/_next/static/chunks/node_modules_next_dist_client_0r5nbpw._.js:13422
[  108355ms] [ERROR] WebSocket connection to 'ws://nbrs-fe.test/_next/webpack-hmr?id=rPLdtGWHSLNBI-FXcm-fR' failed: Error during WebSocket handshake: Unexpected response code: 403 @ http://nbrs-fe.test/_next/static/chunks/node_modules_next_dist_client_0r5nbpw._.js:13422
[  116364ms] [ERROR] WebSocket connection to 'ws://nbrs-fe.test/_next/webpack-hmr?id=rPLdtGWHSLNBI-FXcm-fR' failed: Error during WebSocket handshake: Unexpected response code: 403 @ http://nbrs-fe.test/_next/static/chunks/node_modules_next_dist_client_0r5nbpw._.js:13422
[  117242ms] [INFO] %cDownload the React DevTools for a better development experience: https://react.dev/link/react-devtools font-weight:bold @ http://nbrs-fe.test/_next/static/chunks/node_modules_next_dist_1ybzpk2._.js:2489
[  118734ms] [ERROR] WebSocket connection to 'ws://nbrs-fe.test/_next/webpack-hmr?id=ws9ApXysAhmzjY1c4vflN' failed: Error during WebSocket handshake: Unexpected response code: 403 @ http://nbrs-fe.test/_next/static/chunks/node_modules_next_dist_client_0r5nbpw._.js:13422
[  122591ms] [ERROR] WebSocket connection to 'ws://nbrs-fe.test/_next/webpack-hmr?id=ws9ApXysAhmzjY1c4vflN' failed: Error during WebSocket handshake: Unexpected response code: 403 @ http://nbrs-fe.test/_next/static/chunks/node_modules_next_dist_client_0r5nbpw._.js:13422
[  124763ms] [ERROR] WebSocket connection to 'ws://nbrs-fe.test/_next/webpack-hmr?id=ws9ApXysAhmzjY1c4vflN' failed: Error during WebSocket handshake: Unexpected response code: 403 @ http://nbrs-fe.test/_next/static/chunks/node_modules_next_dist_client_0r5nbpw._.js:13422
[  129749ms] [ERROR] WebSocket connection to 'ws://nbrs-fe.test/_next/webpack-hmr?id=ws9ApXysAhmzjY1c4vflN' failed: Error during WebSocket handshake: Unexpected response code: 403 @ http://nbrs-fe.test/_next/static/chunks/node_modules_next_dist_client_0r5nbpw._.js:13422
[  134611ms] [ERROR] WebSocket connection to 'ws://nbrs-fe.test/_next/webpack-hmr?id=ws9ApXysAhmzjY1c4vflN' failed: Error during WebSocket handshake: Unexpected response code: 403 @ http://nbrs-fe.test/_next/static/chunks/node_modules_next_dist_client_0r5nbpw._.js:13422
[  139313ms] [ERROR] WebSocket connection to 'ws://nbrs-fe.test/_next/webpack-hmr?id=ws9ApXysAhmzjY1c4vflN' failed: Error during WebSocket handshake: Unexpected response code: 403 @ http://nbrs-fe.test/_next/static/chunks/node_modules_next_dist_client_0r5nbpw._.js:13422
[  146202ms] [ERROR] WebSocket connection to 'ws://nbrs-fe.test/_next/webpack-hmr?id=ws9ApXysAhmzjY1c4vflN' failed: Error during WebSocket handshake: Unexpected response code: 403 @ http://nbrs-fe.test/_next/static/chunks/node_modules_next_dist_client_0r5nbpw._.js:13422
[  155640ms] [ERROR] WebSocket connection to 'ws://nbrs-fe.test/_next/webpack-hmr?id=ws9ApXysAhmzjY1c4vflN' failed: Error during WebSocket handshake: Unexpected response code: 403 @ http://nbrs-fe.test/_next/static/chunks/node_modules_next_dist_client_0r5nbpw._.js:13422
[  165303ms] [ERROR] WebSocket connection to 'ws://nbrs-fe.test/_next/webpack-hmr?id=ws9ApXysAhmzjY1c4vflN' failed: Error during WebSocket handshake: Unexpected response code: 403 @ http://nbrs-fe.test/_next/static/chunks/node_modules_next_dist_client_0r5nbpw._.js:13422
[  174960ms] [ERROR] WebSocket connection to 'ws://nbrs-fe.test/_next/webpack-hmr?id=ws9ApXysAhmzjY1c4vflN' failed: Error during WebSocket handshake: Unexpected response code: 403 @ http://nbrs-fe.test/_next/static/chunks/node_modules_next_dist_client_0r5nbpw._.js:13422
[  181961ms] [ERROR] WebSocket connection to 'ws://nbrs-fe.test/_next/webpack-hmr?id=ws9ApXysAhmzjY1c4vflN' failed: Error during WebSocket handshake: Unexpected response code: 403 @ http://nbrs-fe.test/_next/static/chunks/node_modules_next_dist_client_0r5nbpw._.js:13422
[  189291ms] [ERROR] WebSocket connection to 'ws://nbrs-fe.test/_next/webpack-hmr?id=ws9ApXysAhmzjY1c4vflN' failed: Error during WebSocket handshake: Unexpected response code: 403 @ http://nbrs-fe.test/_next/static/chunks/node_modules_next_dist_client_0r5nbpw._.js:13422
[  197756ms] [ERROR] WebSocket connection to 'ws://nbrs-fe.test/_next/webpack-hmr?id=ws9ApXysAhmzjY1c4vflN' failed: Error during WebSocket handshake: Unexpected response code: 403 @ http://nbrs-fe.test/_next/static/chunks/node_modules_next_dist_client_0r5nbpw._.js:13422
[  198804ms] [INFO] %cDownload the React DevTools for a better development experience: https://react.dev/link/react-devtools font-weight:bold @ http://nbrs-fe.test/_next/static/chunks/node_modules_next_dist_1ybzpk2._.js:2489
[  199852ms] [ERROR] WebSocket connection to 'ws://nbrs-fe.test/_next/webpack-hmr?id=Me5hOE4OUsgcNyabb3qUP' failed: Error during WebSocket handshake: Unexpected response code: 403 @ http://nbrs-fe.test/_next/static/chunks/node_modules_next_dist_client_0r5nbpw._.js:13422
[  201917ms] [ERROR] WebSocket connection to 'ws://nbrs-fe.test/_next/webpack-hmr?id=Me5hOE4OUsgcNyabb3qUP' failed: Error during WebSocket handshake: Unexpected response code: 403 @ http://nbrs-fe.test/_next/static/chunks/node_modules_next_dist_client_0r5nbpw._.js:13422
[  207504ms] [ERROR] WebSocket connection to 'ws://nbrs-fe.test/_next/webpack-hmr?id=Me5hOE4OUsgcNyabb3qUP' failed: Error during WebSocket handshake: Unexpected response code: 403 @ http://nbrs-fe.test/_next/static/chunks/node_modules_next_dist_client_0r5nbpw._.js:13422
[  211623ms] [ERROR] WebSocket connection to 'ws://nbrs-fe.test/_next/webpack-hmr?id=Me5hOE4OUsgcNyabb3qUP' failed: Error during WebSocket handshake: Unexpected response code: 403 @ http://nbrs-fe.test/_next/static/chunks/node_modules_next_dist_client_0r5nbpw._.js:13422
[  214152ms] [ERROR] WebSocket connection to 'ws://nbrs-fe.test/_next/webpack-hmr?id=Me5hOE4OUsgcNyabb3qUP' failed: Error during WebSocket handshake: Unexpected response code: 403 @ http://nbrs-fe.test/_next/static/chunks/node_modules_next_dist_client_0r5nbpw._.js:13422
[  217608ms] [ERROR] WebSocket connection to 'ws://nbrs-fe.test/_next/webpack-hmr?id=Me5hOE4OUsgcNyabb3qUP' failed: Error during WebSocket handshake: Unexpected response code: 403 @ http://nbrs-fe.test/_next/static/chunks/node_modules_next_dist_client_0r5nbpw._.js:13422
[  223763ms] [ERROR] WebSocket connection to 'ws://nbrs-fe.test/_next/webpack-hmr?id=Me5hOE4OUsgcNyabb3qUP' failed: Error during WebSocket handshake: Unexpected response code: 403 @ http://nbrs-fe.test/_next/static/chunks/node_modules_next_dist_client_0r5nbpw._.js:13422
[  233736ms] [ERROR] WebSocket connection to 'ws://nbrs-fe.test/_next/webpack-hmr?id=Me5hOE4OUsgcNyabb3qUP' failed: Error during WebSocket handshake: Unexpected response code: 403 @ http://nbrs-fe.test/_next/static/chunks/node_modules_next_dist_client_0r5nbpw._.js:13422
[  243703ms] [ERROR] WebSocket connection to 'ws://nbrs-fe.test/_next/webpack-hmr?id=Me5hOE4OUsgcNyabb3qUP' failed: Error during WebSocket handshake: Unexpected response code: 403 @ http://nbrs-fe.test/_next/static/chunks/node_modules_next_dist_client_0r5nbpw._.js:13422
[  251868ms] [ERROR] WebSocket connection to 'ws://nbrs-fe.test/_next/webpack-hmr?id=Me5hOE4OUsgcNyabb3qUP' failed: Error during WebSocket handshake: Unexpected response code: 403 @ http://nbrs-fe.test/_next/static/chunks/node_modules_next_dist_client_0r5nbpw._.js:13422
[  258653ms] [ERROR] WebSocket connection to 'ws://nbrs-fe.test/_next/webpack-hmr?id=Me5hOE4OUsgcNyabb3qUP' failed: Error during WebSocket handshake: Unexpected response code: 403 @ http://nbrs-fe.test/_next/static/chunks/node_modules_next_dist_client_0r5nbpw._.js:13422
[  265851ms] [ERROR] WebSocket connection to 'ws://nbrs-fe.test/_next/webpack-hmr?id=Me5hOE4OUsgcNyabb3qUP' failed: Error during WebSocket handshake: Unexpected response code: 403 @ http://nbrs-fe.test/_next/static/chunks/node_modules_next_dist_client_0r5nbpw._.js:13422
[  275250ms] [ERROR] WebSocket connection to 'ws://nbrs-fe.test/_next/webpack-hmr?id=Me5hOE4OUsgcNyabb3qUP' failed: Error during WebSocket handshake: Unexpected response code: 403 @ http://nbrs-fe.test/_next/static/chunks/node_modules_next_dist_client_0r5nbpw._.js:13422
[  276283ms] [INFO] %cDownload the React DevTools for a better development experience: https://react.dev/link/react-devtools font-weight:bold @ http://nbrs-fe.test/_next/static/chunks/node_modules_next_dist_1ybzpk2._.js:2489
[  280925ms] [ERROR] WebSocket connection to 'ws://nbrs-fe.test/_next/webpack-hmr?id=elULKxKIDxskEsjIVPPcw' failed: Error during WebSocket handshake: Unexpected response code: 403 @ http://nbrs-fe.test/_next/static/chunks/node_modules_next_dist_client_0r5nbpw._.js:13422
[  283906ms] [ERROR] WebSocket connection to 'ws://nbrs-fe.test/_next/webpack-hmr?id=elULKxKIDxskEsjIVPPcw' failed: Error during WebSocket handshake: Unexpected response code: 403 @ http://nbrs-fe.test/_next/static/chunks/node_modules_next_dist_client_0r5nbpw._.js:13422
[  288745ms] [ERROR] WebSocket connection to 'ws://nbrs-fe.test/_next/webpack-hmr?id=elULKxKIDxskEsjIVPPcw' failed: Error during WebSocket handshake: Unexpected response code: 403 @ http://nbrs-fe.test/_next/static/chunks/node_modules_next_dist_client_0r5nbpw._.js:13422
[  293140ms] [ERROR] WebSocket connection to 'ws://nbrs-fe.test/_next/webpack-hmr?id=elULKxKIDxskEsjIVPPcw' failed: Error during WebSocket handshake: Unexpected response code: 403 @ http://nbrs-fe.test/_next/static/chunks/node_modules_next_dist_client_0r5nbpw._.js:13422
[  295637ms] [ERROR] WebSocket connection to 'ws://nbrs-fe.test/_next/webpack-hmr?id=elULKxKIDxskEsjIVPPcw' failed: Error during WebSocket handshake: Unexpected response code: 403 @ http://nbrs-fe.test/_next/static/chunks/node_modules_next_dist_client_0r5nbpw._.js:13422
[  300257ms] [ERROR] WebSocket connection to 'ws://nbrs-fe.test/_next/webpack-hmr?id=elULKxKIDxskEsjIVPPcw' failed: Error during WebSocket handshake: Unexpected response code: 403 @ http://nbrs-fe.test/_next/static/chunks/node_modules_next_dist_client_0r5nbpw._.js:13422
[  306974ms] [ERROR] WebSocket connection to 'ws://nbrs-fe.test/_next/webpack-hmr?id=elULKxKIDxskEsjIVPPcw' failed: Error during WebSocket handshake: Unexpected response code: 403 @ http://nbrs-fe.test/_next/static/chunks/node_modules_next_dist_client_0r5nbpw._.js:13422
[  316906ms] [ERROR] WebSocket connection to 'ws://nbrs-fe.test/_next/webpack-hmr?id=elULKxKIDxskEsjIVPPcw' failed: Error during WebSocket handshake: Unexpected response code: 403 @ http://nbrs-fe.test/_next/static/chunks/node_modules_next_dist_client_0r5nbpw._.js:13422
[  324622ms] [ERROR] WebSocket connection to 'ws://nbrs-fe.test/_next/webpack-hmr?id=elULKxKIDxskEsjIVPPcw' failed: Error during WebSocket handshake: Unexpected response code: 403 @ http://nbrs-fe.test/_next/static/chunks/node_modules_next_dist_client_0r5nbpw._.js:13422
[  333763ms] [ERROR] WebSocket connection to 'ws://nbrs-fe.test/_next/webpack-hmr?id=elULKxKIDxskEsjIVPPcw' failed: Error during WebSocket handshake: Unexpected response code: 403 @ http://nbrs-fe.test/_next/static/chunks/node_modules_next_dist_client_0r5nbpw._.js:13422
[  341309ms] [ERROR] WebSocket connection to 'ws://nbrs-fe.test/_next/webpack-hmr?id=elULKxKIDxskEsjIVPPcw' failed: Error during WebSocket handshake: Unexpected response code: 403 @ http://nbrs-fe.test/_next/static/chunks/node_modules_next_dist_client_0r5nbpw._.js:13422
[  348000ms] [ERROR] WebSocket connection to 'ws://nbrs-fe.test/_next/webpack-hmr?id=elULKxKIDxskEsjIVPPcw' failed: Error during WebSocket handshake: Unexpected response code: 403 @ http://nbrs-fe.test/_next/static/chunks/node_modules_next_dist_client_0r5nbpw._.js:13422
[  356595ms] [ERROR] WebSocket connection to 'ws://nbrs-fe.test/_next/webpack-hmr?id=elULKxKIDxskEsjIVPPcw' failed: Error during WebSocket handshake: Unexpected response code: 403 @ http://nbrs-fe.test/_next/static/chunks/node_modules_next_dist_client_0r5nbpw._.js:13422
[  357666ms] [INFO] %cDownload the React DevTools for a better development experience: https://react.dev/link/react-devtools font-weight:bold @ http://nbrs-fe.test/_next/static/chunks/node_modules_next_dist_1ybzpk2._.js:2489
[  360991ms] [ERROR] WebSocket connection to 'ws://nbrs-fe.test/_next/webpack-hmr?id=Q4844BFDbI55FzgF08-ux' failed: Error during WebSocket handshake: Unexpected response code: 403 @ http://nbrs-fe.test/_next/static/chunks/node_modules_next_dist_client_0r5nbpw._.js:13422
[  364423ms] [ERROR] WebSocket connection to 'ws://nbrs-fe.test/_next/webpack-hmr?id=Q4844BFDbI55FzgF08-ux' failed: Error during WebSocket handshake: Unexpected response code: 403 @ http://nbrs-fe.test/_next/static/chunks/node_modules_next_dist_client_0r5nbpw._.js:13422
[  368606ms] [ERROR] WebSocket connection to 'ws://nbrs-fe.test/_next/webpack-hmr?id=Q4844BFDbI55FzgF08-ux' failed: Error during WebSocket handshake: Unexpected response code: 403 @ http://nbrs-fe.test/_next/static/chunks/node_modules_next_dist_client_0r5nbpw._.js:13422
[  373069ms] [ERROR] WebSocket connection to 'ws://nbrs-fe.test/_next/webpack-hmr?id=Q4844BFDbI55FzgF08-ux' failed: Error during WebSocket handshake: Unexpected response code: 403 @ http://nbrs-fe.test/_next/static/chunks/node_modules_next_dist_client_0r5nbpw._.js:13422
[  377232ms] [ERROR] WebSocket connection to 'ws://nbrs-fe.test/_next/webpack-hmr?id=Q4844BFDbI55FzgF08-ux' failed: Error during WebSocket handshake: Unexpected response code: 403 @ http://nbrs-fe.test/_next/static/chunks/node_modules_next_dist_client_0r5nbpw._.js:13422
[  382439ms] [ERROR] WebSocket connection to 'ws://nbrs-fe.test/_next/webpack-hmr?id=Q4844BFDbI55FzgF08-ux' failed: Error during WebSocket handshake: Unexpected response code: 503 @ http://nbrs-fe.test/_next/static/chunks/node_modules_next_dist_client_0r5nbpw._.js:13422
[  391630ms] [ERROR] WebSocket connection to 'ws://nbrs-fe.test/_next/webpack-hmr?id=Q4844BFDbI55FzgF08-ux' failed: Error during WebSocket handshake: Unexpected response code: 503 @ http://nbrs-fe.test/_next/static/chunks/node_modules_next_dist_client_0r5nbpw._.js:13422
[  403640ms] [ERROR] WebSocket connection to 'ws://nbrs-fe.test/_next/webpack-hmr?id=Q4844BFDbI55FzgF08-ux' failed: Error during WebSocket handshake: Unexpected response code: 503 @ http://nbrs-fe.test/_next/static/chunks/node_modules_next_dist_client_0r5nbpw._.js:13422
[  412415ms] [ERROR] WebSocket connection to 'ws://nbrs-fe.test/_next/webpack-hmr?id=Q4844BFDbI55FzgF08-ux' failed: Error during WebSocket handshake: Unexpected response code: 503 @ http://nbrs-fe.test/_next/static/chunks/node_modules_next_dist_client_0r5nbpw._.js:13422
[  423006ms] [ERROR] WebSocket connection to 'ws://nbrs-fe.test/_next/webpack-hmr?id=Q4844BFDbI55FzgF08-ux' failed: Error during WebSocket handshake: Unexpected response code: 404 @ http://nbrs-fe.test/_next/static/chunks/node_modules_next_dist_client_0r5nbpw._.js:13422
[  429473ms] [ERROR] WebSocket connection to 'ws://nbrs-fe.test/_next/webpack-hmr?id=Q4844BFDbI55FzgF08-ux' failed: Error during WebSocket handshake: Unexpected response code: 404 @ http://nbrs-fe.test/_next/static/chunks/node_modules_next_dist_client_0r5nbpw._.js:13422
[  438247ms] [ERROR] WebSocket connection to 'ws://nbrs-fe.test/_next/webpack-hmr?id=Q4844BFDbI55FzgF08-ux' failed: Error during WebSocket handshake: Unexpected response code: 404 @ http://nbrs-fe.test/_next/static/chunks/node_modules_next_dist_client_0r5nbpw._.js:13422
[  445211ms] [ERROR] WebSocket connection to 'ws://nbrs-fe.test/_next/webpack-hmr?id=Q4844BFDbI55FzgF08-ux' failed: Error during WebSocket handshake: Unexpected response code: 404 @ http://nbrs-fe.test/_next/static/chunks/node_modules_next_dist_client_0r5nbpw._.js:13422
[  446750ms] [INFO] %cDownload the React DevTools for a better development experience: https://react.dev/link/react-devtools font-weight:bold @ http://nbrs-fe.test/_next/static/chunks/node_modules_next_dist_1ybzpk2._.js:2489
[  447974ms] [ERROR] WebSocket connection to 'ws://nbrs-fe.test/_next/webpack-hmr?id=DF4BV_1KaAud6CTdlNHTR' failed: Error during WebSocket handshake: Unexpected response code: 404 @ http://nbrs-fe.test/_next/static/chunks/node_modules_next_dist_client_0r5nbpw._.js:13422
[  453169ms] [ERROR] WebSocket connection to 'ws://nbrs-fe.test/_next/webpack-hmr?id=DF4BV_1KaAud6CTdlNHTR' failed: Error during WebSocket handshake: Unexpected response code: 404 @ http://nbrs-fe.test/_next/static/chunks/node_modules_next_dist_client_0r5nbpw._.js:13422
[  456675ms] [ERROR] WebSocket connection to 'ws://nbrs-fe.test/_next/webpack-hmr?id=DF4BV_1KaAud6CTdlNHTR' failed: Error during WebSocket handshake: Unexpected response code: 404 @ http://nbrs-fe.test/_next/static/chunks/node_modules_next_dist_client_0r5nbpw._.js:13422
[  460505ms] [ERROR] WebSocket connection to 'ws://nbrs-fe.test/_next/webpack-hmr?id=DF4BV_1KaAud6CTdlNHTR' failed: Error during WebSocket handshake: Unexpected response code: 404 @ http://nbrs-fe.test/_next/static/chunks/node_modules_next_dist_client_0r5nbpw._.js:13422
[  464982ms] [ERROR] WebSocket connection to 'ws://nbrs-fe.test/_next/webpack-hmr?id=DF4BV_1KaAud6CTdlNHTR' failed: Error during WebSocket handshake: Unexpected response code: 404 @ http://nbrs-fe.test/_next/static/chunks/node_modules_next_dist_client_0r5nbpw._.js:13422
[  467225ms] [ERROR] WebSocket connection to 'ws://nbrs-fe.test/_next/webpack-hmr?id=DF4BV_1KaAud6CTdlNHTR' failed: Error during WebSocket handshake: Unexpected response code: 404 @ http://nbrs-fe.test/_next/static/chunks/node_modules_next_dist_client_0r5nbpw._.js:13422
[  474589ms] [ERROR] WebSocket connection to 'ws://nbrs-fe.test/_next/webpack-hmr?id=DF4BV_1KaAud6CTdlNHTR' failed: Error during WebSocket handshake: Unexpected response code: 404 @ http://nbrs-fe.test/_next/static/chunks/node_modules_next_dist_client_0r5nbpw._.js:13422
[  481437ms] [ERROR] WebSocket connection to 'ws://nbrs-fe.test/_next/webpack-hmr?id=DF4BV_1KaAud6CTdlNHTR' failed: Error during WebSocket handshake: Unexpected response code: 404 @ http://nbrs-fe.test/_next/static/chunks/node_modules_next_dist_client_0r5nbpw._.js:13422
[  486523ms] [ERROR] WebSocket connection to 'ws://nbrs-fe.test/_next/webpack-hmr?id=DF4BV_1KaAud6CTdlNHTR' failed: Error during WebSocket handshake: Unexpected response code: 404 @ http://nbrs-fe.test/_next/static/chunks/node_modules_next_dist_client_0r5nbpw._.js:13422
[  491630ms] [ERROR] WebSocket connection to 'ws://nbrs-fe.test/_next/webpack-hmr?id=DF4BV_1KaAud6CTdlNHTR' failed: Error during WebSocket handshake: Unexpected response code: 404 @ http://nbrs-fe.test/_next/static/chunks/node_modules_next_dist_client_0r5nbpw._.js:13422
[  496705ms] [ERROR] WebSocket connection to 'ws://nbrs-fe.test/_next/webpack-hmr?id=DF4BV_1KaAud6CTdlNHTR' failed: Error during WebSocket handshake: Unexpected response code: 404 @ http://nbrs-fe.test/_next/static/chunks/node_modules_next_dist_client_0r5nbpw._.js:13422
[  501872ms] [ERROR] WebSocket connection to 'ws://nbrs-fe.test/_next/webpack-hmr?id=DF4BV_1KaAud6CTdlNHTR' failed: Error during WebSocket handshake: Unexpected response code: 404 @ http://nbrs-fe.test/_next/static/chunks/node_modules_next_dist_client_0r5nbpw._.js:13422
[  507021ms] [ERROR] WebSocket connection to 'ws://nbrs-fe.test/_next/webpack-hmr?id=DF4BV_1KaAud6CTdlNHTR' failed: Error during WebSocket handshake: Unexpected response code: 404 @ http://nbrs-fe.test/_next/static/chunks/node_modules_next_dist_client_0r5nbpw._.js:13422
[  508807ms] [INFO] %cDownload the React DevTools for a better development experience: https://react.dev/link/react-devtools font-weight:bold @ http://nbrs-fe.test/_next/static/chunks/node_modules_next_dist_1ybzpk2._.js:2489
[  508966ms] [ERROR] WebSocket connection to 'ws://nbrs-fe.test/_next/webpack-hmr?id=ohbeQcesGXTtlnNqUpHbp' failed: Error during WebSocket handshake: Unexpected response code: 404 @ http://nbrs-fe.test/_next/static/chunks/node_modules_next_dist_client_0r5nbpw._.js:13422
[  510065ms] [ERROR] WebSocket connection to 'ws://nbrs-fe.test/_next/webpack-hmr?id=ohbeQcesGXTtlnNqUpHbp' failed: Error during WebSocket handshake: Unexpected response code: 404 @ http://nbrs-fe.test/_next/static/chunks/node_modules_next_dist_client_0r5nbpw._.js:13422
[  511182ms] [ERROR] WebSocket connection to 'ws://nbrs-fe.test/_next/webpack-hmr?id=ohbeQcesGXTtlnNqUpHbp' failed: Error during WebSocket handshake: Unexpected response code: 404 @ http://nbrs-fe.test/_next/static/chunks/node_modules_next_dist_client_0r5nbpw._.js:13422
[  512297ms] [ERROR] WebSocket connection to 'ws://nbrs-fe.test/_next/webpack-hmr?id=ohbeQcesGXTtlnNqUpHbp' failed: Error during WebSocket handshake: Unexpected response code: 404 @ http://nbrs-fe.test/_next/static/chunks/node_modules_next_dist_client_0r5nbpw._.js:13422
[  513422ms] [ERROR] WebSocket connection to 'ws://nbrs-fe.test/_next/webpack-hmr?id=ohbeQcesGXTtlnNqUpHbp' failed: Error during WebSocket handshake: Unexpected response code: 404 @ http://nbrs-fe.test/_next/static/chunks/node_modules_next_dist_client_0r5nbpw._.js:13422
[  514606ms] [ERROR] WebSocket connection to 'ws://nbrs-fe.test/_next/webpack-hmr?id=ohbeQcesGXTtlnNqUpHbp' failed: Error during WebSocket handshake: Unexpected response code: 404 @ http://nbrs-fe.test/_next/static/chunks/node_modules_next_dist_client_0r5nbpw._.js:13422
[  519893ms] [ERROR] WebSocket connection to 'ws://nbrs-fe.test/_next/webpack-hmr?id=ohbeQcesGXTtlnNqUpHbp' failed: Error during WebSocket handshake: Unexpected response code: 404 @ http://nbrs-fe.test/_next/static/chunks/node_modules_next_dist_client_0r5nbpw._.js:13422
[  527101ms] [ERROR] WebSocket connection to 'ws://nbrs-fe.test/_next/webpack-hmr?id=ohbeQcesGXTtlnNqUpHbp' failed: Error during WebSocket handshake: Unexpected response code: 503 @ http://nbrs-fe.test/_next/static/chunks/node_modules_next_dist_client_0r5nbpw._.js:13422
[  543843ms] [ERROR] WebSocket connection to 'ws://nbrs-fe.test/_next/webpack-hmr?id=ohbeQcesGXTtlnNqUpHbp' failed: Error during WebSocket handshake: Unexpected response code: 404 @ http://nbrs-fe.test/_next/static/chunks/node_modules_next_dist_client_0r5nbpw._.js:13422
[  549429ms] [ERROR] WebSocket connection to 'ws://nbrs-fe.test/_next/webpack-hmr?id=ohbeQcesGXTtlnNqUpHbp' failed: Error during WebSocket handshake: Unexpected response code: 404 @ http://nbrs-fe.test/_next/static/chunks/node_modules_next_dist_client_0r5nbpw._.js:13422
[  555118ms] [ERROR] WebSocket connection to 'ws://nbrs-fe.test/_next/webpack-hmr?id=ohbeQcesGXTtlnNqUpHbp' failed: Error during WebSocket handshake: Unexpected response code: 404 @ http://nbrs-fe.test/_next/static/chunks/node_modules_next_dist_client_0r5nbpw._.js:13422
[  561242ms] [ERROR] WebSocket connection to 'ws://nbrs-fe.test/_next/webpack-hmr?id=ohbeQcesGXTtlnNqUpHbp' failed: Error during WebSocket handshake: Unexpected response code: 404 @ http://nbrs-fe.test/_next/static/chunks/node_modules_next_dist_client_0r5nbpw._.js:13422
[  569773ms] [ERROR] WebSocket connection to 'ws://nbrs-fe.test/_next/webpack-hmr?id=ohbeQcesGXTtlnNqUpHbp' failed: Error during WebSocket handshake: Unexpected response code: 404 @ http://nbrs-fe.test/_next/static/chunks/node_modules_next_dist_client_0r5nbpw._.js:13422
[  572379ms] [INFO] %cDownload the React DevTools for a better development experience: https://react.dev/link/react-devtools font-weight:bold @ webpack-internal:///(app-pages-browser)/./node_modules/next/dist/next-devtools/shared/forward-logs-shared.js:27
[  577374ms] [ERROR] WebSocket connection to 'ws://nbrs-fe.test/_next/webpack-hmr?id=_NpMDFEcz0-tO33wQpQ6F' failed: Error during WebSocket handshake: Unexpected response code: 404 @ webpack-internal:///(app-pages-browser)/./node_modules/next/dist/client/dev/hot-reloader/app/web-socket.js:55
[  581597ms] [ERROR] WebSocket connection to 'ws://nbrs-fe.test/_next/webpack-hmr?id=_NpMDFEcz0-tO33wQpQ6F' failed: Error during WebSocket handshake: Unexpected response code: 404 @ webpack-internal:///(app-pages-browser)/./node_modules/next/dist/client/dev/hot-reloader/app/web-socket.js:55
[  585038ms] [ERROR] WebSocket connection to 'ws://nbrs-fe.test/_next/webpack-hmr?id=_NpMDFEcz0-tO33wQpQ6F' failed: Error during WebSocket handshake: Unexpected response code: 404 @ webpack-internal:///(app-pages-browser)/./node_modules/next/dist/client/dev/hot-reloader/app/web-socket.js:55
[  590297ms] [ERROR] WebSocket connection to 'ws://nbrs-fe.test/_next/webpack-hmr?id=_NpMDFEcz0-tO33wQpQ6F' failed: Error during WebSocket handshake: Unexpected response code: 404 @ webpack-internal:///(app-pages-browser)/./node_modules/next/dist/client/dev/hot-reloader/app/web-socket.js:55
[  594733ms] [ERROR] WebSocket connection to 'ws://nbrs-fe.test/_next/webpack-hmr?id=_NpMDFEcz0-tO33wQpQ6F' failed: Error during WebSocket handshake: Unexpected response code: 404 @ webpack-internal:///(app-pages-browser)/./node_modules/next/dist/client/dev/hot-reloader/app/web-socket.js:55
[  597150ms] [ERROR] WebSocket connection to 'ws://nbrs-fe.test/_next/webpack-hmr?id=_NpMDFEcz0-tO33wQpQ6F' failed: Error during WebSocket handshake: Unexpected response code: 404 @ webpack-internal:///(app-pages-browser)/./node_modules/next/dist/client/dev/hot-reloader/app/web-socket.js:55
[  606135ms] [ERROR] WebSocket connection to 'ws://nbrs-fe.test/_next/webpack-hmr?id=_NpMDFEcz0-tO33wQpQ6F' failed: Error during WebSocket handshake: Unexpected response code: 404 @ webpack-internal:///(app-pages-browser)/./node_modules/next/dist/client/dev/hot-reloader/app/web-socket.js:55
[  611250ms] [ERROR] WebSocket connection to 'ws://nbrs-fe.test/_next/webpack-hmr?id=_NpMDFEcz0-tO33wQpQ6F' failed: Error during WebSocket handshake: Unexpected response code: 404 @ webpack-internal:///(app-pages-browser)/./node_modules/next/dist/client/dev/hot-reloader/app/web-socket.js:55
[  616910ms] [ERROR] WebSocket connection to 'ws://nbrs-fe.test/_next/webpack-hmr?id=_NpMDFEcz0-tO33wQpQ6F' failed: Error during WebSocket handshake: Unexpected response code: 404 @ webpack-internal:///(app-pages-browser)/./node_modules/next/dist/client/dev/hot-reloader/app/web-socket.js:55
[  622016ms] [ERROR] WebSocket connection to 'ws://nbrs-fe.test/_next/webpack-hmr?id=_NpMDFEcz0-tO33wQpQ6F' failed: Error during WebSocket handshake: Unexpected response code: 404 @ webpack-internal:///(app-pages-browser)/./node_modules/next/dist/client/dev/hot-reloader/app/web-socket.js:55
[  627162ms] [ERROR] WebSocket connection to 'ws://nbrs-fe.test/_next/webpack-hmr?id=_NpMDFEcz0-tO33wQpQ6F' failed: Error during WebSocket handshake: Unexpected response code: 404 @ webpack-internal:///(app-pages-browser)/./node_modules/next/dist/client/dev/hot-reloader/app/web-socket.js:55
[  632278ms] [ERROR] WebSocket connection to 'ws://nbrs-fe.test/_next/webpack-hmr?id=_NpMDFEcz0-tO33wQpQ6F' failed: Error during WebSocket handshake: Unexpected response code: 404 @ webpack-internal:///(app-pages-browser)/./node_modules/next/dist/client/dev/hot-reloader/app/web-socket.js:55
[  637393ms] [ERROR] WebSocket connection to 'ws://nbrs-fe.test/_next/webpack-hmr?id=_NpMDFEcz0-tO33wQpQ6F' failed: Error during WebSocket handshake: Unexpected response code: 404 @ webpack-internal:///(app-pages-browser)/./node_modules/next/dist/client/dev/hot-reloader/app/web-socket.js:55
[  639281ms] [INFO] %cDownload the React DevTools for a better development experience: https://react.dev/link/react-devtools font-weight:bold @ webpack-internal:///(app-pages-browser)/./node_modules/next/dist/next-devtools/shared/forward-logs-shared.js:27
[  640204ms] [ERROR] WebSocket connection to 'ws://nbrs-fe.test/_next/webpack-hmr?id=LWcFJnRfYzn_qTd5dL2EF' failed: Error during WebSocket handshake: Unexpected response code: 404 @ webpack-internal:///(app-pages-browser)/./node_modules/next/dist/client/dev/hot-reloader/app/web-socket.js:55
[  641326ms] [ERROR] WebSocket connection to 'ws://nbrs-fe.test/_next/webpack-hmr?id=LWcFJnRfYzn_qTd5dL2EF' failed: Error during WebSocket handshake: Unexpected response code: 404 @ webpack-internal:///(app-pages-browser)/./node_modules/next/dist/client/dev/hot-reloader/app/web-socket.js:55
[  642609ms] [ERROR] WebSocket connection to 'ws://nbrs-fe.test/_next/webpack-hmr?id=LWcFJnRfYzn_qTd5dL2EF' failed: Error during WebSocket handshake: Unexpected response code: 404 @ webpack-internal:///(app-pages-browser)/./node_modules/next/dist/client/dev/hot-reloader/app/web-socket.js:55
[  643775ms] [ERROR] WebSocket connection to 'ws://nbrs-fe.test/_next/webpack-hmr?id=LWcFJnRfYzn_qTd5dL2EF' failed: Error during WebSocket handshake: Unexpected response code: 404 @ webpack-internal:///(app-pages-browser)/./node_modules/next/dist/client/dev/hot-reloader/app/web-socket.js:55
[  645228ms] [ERROR] WebSocket connection to 'ws://nbrs-fe.test/_next/webpack-hmr?id=LWcFJnRfYzn_qTd5dL2EF' failed: Error during WebSocket handshake: Unexpected response code: 404 @ webpack-internal:///(app-pages-browser)/./node_modules/next/dist/client/dev/hot-reloader/app/web-socket.js:55
[  646518ms] [ERROR] WebSocket connection to 'ws://nbrs-fe.test/_next/webpack-hmr?id=LWcFJnRfYzn_qTd5dL2EF' failed: Error during WebSocket handshake: Unexpected response code: 404 @ webpack-internal:///(app-pages-browser)/./node_modules/next/dist/client/dev/hot-reloader/app/web-socket.js:55
[  651808ms] [ERROR] WebSocket connection to 'ws://nbrs-fe.test/_next/webpack-hmr?id=LWcFJnRfYzn_qTd5dL2EF' failed: Error during WebSocket handshake: Unexpected response code: 404 @ webpack-internal:///(app-pages-browser)/./node_modules/next/dist/client/dev/hot-reloader/app/web-socket.js:55
[  657097ms] [ERROR] WebSocket connection to 'ws://nbrs-fe.test/_next/webpack-hmr?id=LWcFJnRfYzn_qTd5dL2EF' failed: Error during WebSocket handshake: Unexpected response code: 404 @ webpack-internal:///(app-pages-browser)/./node_modules/next/dist/client/dev/hot-reloader/app/web-socket.js:55
[  662984ms] [ERROR] WebSocket connection to 'ws://nbrs-fe.test/_next/webpack-hmr?id=LWcFJnRfYzn_qTd5dL2EF' failed: Error during WebSocket handshake: Unexpected response code: 404 @ webpack-internal:///(app-pages-browser)/./node_modules/next/dist/client/dev/hot-reloader/app/web-socket.js:55
[  669595ms] [ERROR] WebSocket connection to 'ws://nbrs-fe.test/_next/webpack-hmr?id=LWcFJnRfYzn_qTd5dL2EF' failed: Error during WebSocket handshake: Unexpected response code: 404 @ webpack-internal:///(app-pages-browser)/./node_modules/next/dist/client/dev/hot-reloader/app/web-socket.js:55
[  677973ms] [ERROR] WebSocket connection to 'ws://nbrs-fe.test/_next/webpack-hmr?id=LWcFJnRfYzn_qTd5dL2EF' failed: Error during WebSocket handshake: Unexpected response code: 404 @ webpack-internal:///(app-pages-browser)/./node_modules/next/dist/client/dev/hot-reloader/app/web-socket.js:55
[  687855ms] [ERROR] WebSocket connection to 'ws://nbrs-fe.test/_next/webpack-hmr?id=LWcFJnRfYzn_qTd5dL2EF' failed: Error during WebSocket handshake: Unexpected response code: 404 @ webpack-internal:///(app-pages-browser)/./node_modules/next/dist/client/dev/hot-reloader/app/web-socket.js:55
[  697116ms] [ERROR] WebSocket connection to 'ws://nbrs-fe.test/_next/webpack-hmr?id=LWcFJnRfYzn_qTd5dL2EF' failed: Error during WebSocket handshake: Unexpected response code: 404 @ webpack-internal:///(app-pages-browser)/./node_modules/next/dist/client/dev/hot-reloader/app/web-socket.js:55
[  699263ms] [INFO] %cDownload the React DevTools for a better development experience: https://react.dev/link/react-devtools font-weight:bold @ webpack-internal:///(app-pages-browser)/./node_modules/next/dist/next-devtools/shared/forward-logs-shared.js:27
[  701718ms] [ERROR] WebSocket connection to 'ws://nbrs-fe.test/_next/webpack-hmr?id=loFzk7UPZgny56lCnr_oJ' failed: Error during WebSocket handshake: Unexpected response code: 404 @ webpack-internal:///(app-pages-browser)/./node_modules/next/dist/client/dev/hot-reloader/app/web-socket.js:55
[  706467ms] [ERROR] WebSocket connection to 'ws://nbrs-fe.test/_next/webpack-hmr?id=loFzk7UPZgny56lCnr_oJ' failed: Error during WebSocket handshake: Unexpected response code: 404 @ webpack-internal:///(app-pages-browser)/./node_modules/next/dist/client/dev/hot-reloader/app/web-socket.js:55
[  711771ms] [ERROR] WebSocket connection to 'ws://nbrs-fe.test/_next/webpack-hmr?id=loFzk7UPZgny56lCnr_oJ' failed: Error during WebSocket handshake: Unexpected response code: 404 @ webpack-internal:///(app-pages-browser)/./node_modules/next/dist/client/dev/hot-reloader/app/web-socket.js:55
[  715759ms] [ERROR] WebSocket connection to 'ws://nbrs-fe.test/_next/webpack-hmr?id=loFzk7UPZgny56lCnr_oJ' failed: Error during WebSocket handshake: Unexpected response code: 404 @ webpack-internal:///(app-pages-browser)/./node_modules/next/dist/client/dev/hot-reloader/app/web-socket.js:55
[  718565ms] [ERROR] WebSocket connection to 'ws://nbrs-fe.test/_next/webpack-hmr?id=loFzk7UPZgny56lCnr_oJ' failed: Error during WebSocket handshake: Unexpected response code: 404 @ webpack-internal:///(app-pages-browser)/./node_modules/next/dist/client/dev/hot-reloader/app/web-socket.js:55
[  720709ms] [ERROR] WebSocket connection to 'ws://nbrs-fe.test/_next/webpack-hmr?id=loFzk7UPZgny56lCnr_oJ' failed: Error during WebSocket handshake: Unexpected response code: 404 @ webpack-internal:///(app-pages-browser)/./node_modules/next/dist/client/dev/hot-reloader/app/web-socket.js:55
[  728456ms] [ERROR] WebSocket connection to 'ws://nbrs-fe.test/_next/webpack-hmr?id=loFzk7UPZgny56lCnr_oJ' failed: Error during WebSocket handshake: Unexpected response code: 404 @ webpack-internal:///(app-pages-browser)/./node_modules/next/dist/client/dev/hot-reloader/app/web-socket.js:55
[  733531ms] [ERROR] WebSocket connection to 'ws://nbrs-fe.test/_next/webpack-hmr?id=loFzk7UPZgny56lCnr_oJ' failed: Error during WebSocket handshake: Unexpected response code: 404 @ webpack-internal:///(app-pages-browser)/./node_modules/next/dist/client/dev/hot-reloader/app/web-socket.js:55
[  738663ms] [ERROR] WebSocket connection to 'ws://nbrs-fe.test/_next/webpack-hmr?id=loFzk7UPZgny56lCnr_oJ' failed: Error during WebSocket handshake: Unexpected response code: 404 @ webpack-internal:///(app-pages-browser)/./node_modules/next/dist/client/dev/hot-reloader/app/web-socket.js:55
[  743922ms] [ERROR] WebSocket connection to 'ws://nbrs-fe.test/_next/webpack-hmr?id=loFzk7UPZgny56lCnr_oJ' failed: Error during WebSocket handshake: Unexpected response code: 404 @ webpack-internal:///(app-pages-browser)/./node_modules/next/dist/client/dev/hot-reloader/app/web-socket.js:55
[  749090ms] [ERROR] WebSocket connection to 'ws://nbrs-fe.test/_next/webpack-hmr?id=loFzk7UPZgny56lCnr_oJ' failed: Error during WebSocket handshake: Unexpected response code: 404 @ webpack-internal:///(app-pages-browser)/./node_modules/next/dist/client/dev/hot-reloader/app/web-socket.js:55
[  754489ms] [ERROR] WebSocket connection to 'ws://nbrs-fe.test/_next/webpack-hmr?id=loFzk7UPZgny56lCnr_oJ' failed: Error during WebSocket handshake: Unexpected response code: 404 @ webpack-internal:///(app-pages-browser)/./node_modules/next/dist/client/dev/hot-reloader/app/web-socket.js:55
[  759650ms] [ERROR] WebSocket connection to 'ws://nbrs-fe.test/_next/webpack-hmr?id=loFzk7UPZgny56lCnr_oJ' failed: Error during WebSocket handshake: Unexpected response code: 404 @ webpack-internal:///(app-pages-browser)/./node_modules/next/dist/client/dev/hot-reloader/app/web-socket.js:55
[  761584ms] [INFO] %cDownload the React DevTools for a better development experience: https://react.dev/link/react-devtools font-weight:bold @ webpack-internal:///(app-pages-browser)/./node_modules/next/dist/next-devtools/shared/forward-logs-shared.js:27
[  762917ms] [ERROR] WebSocket connection to 'ws://nbrs-fe.test/_next/webpack-hmr?id=Y-WXg0aqCEtIwEj62XwzO' failed: Error during WebSocket handshake: Unexpected response code: 404 @ webpack-internal:///(app-pages-browser)/./node_modules/next/dist/client/dev/hot-reloader/app/web-socket.js:55
[  764049ms] [ERROR] WebSocket connection to 'ws://nbrs-fe.test/_next/webpack-hmr?id=Y-WXg0aqCEtIwEj62XwzO' failed: Error during WebSocket handshake: Unexpected response code: 404 @ webpack-internal:///(app-pages-browser)/./node_modules/next/dist/client/dev/hot-reloader/app/web-socket.js:55
[  765188ms] [ERROR] WebSocket connection to 'ws://nbrs-fe.test/_next/webpack-hmr?id=Y-WXg0aqCEtIwEj62XwzO' failed: Error during WebSocket handshake: Unexpected response code: 404 @ webpack-internal:///(app-pages-browser)/./node_modules/next/dist/client/dev/hot-reloader/app/web-socket.js:55
[  766349ms] [ERROR] WebSocket connection to 'ws://nbrs-fe.test/_next/webpack-hmr?id=Y-WXg0aqCEtIwEj62XwzO' failed: Error during WebSocket handshake: Unexpected response code: 404 @ webpack-internal:///(app-pages-browser)/./node_modules/next/dist/client/dev/hot-reloader/app/web-socket.js:55
[  767508ms] [ERROR] WebSocket connection to 'ws://nbrs-fe.test/_next/webpack-hmr?id=Y-WXg0aqCEtIwEj62XwzO' failed: Error during WebSocket handshake: Unexpected response code: 404 @ webpack-internal:///(app-pages-browser)/./node_modules/next/dist/client/dev/hot-reloader/app/web-socket.js:55
[  768694ms] [ERROR] WebSocket connection to 'ws://nbrs-fe.test/_next/webpack-hmr?id=Y-WXg0aqCEtIwEj62XwzO' failed: Error during WebSocket handshake: Unexpected response code: 404 @ webpack-internal:///(app-pages-browser)/./node_modules/next/dist/client/dev/hot-reloader/app/web-socket.js:55
[  774042ms] [ERROR] WebSocket connection to 'ws://nbrs-fe.test/_next/webpack-hmr?id=Y-WXg0aqCEtIwEj62XwzO' failed: Error during WebSocket handshake: Unexpected response code: 404 @ webpack-internal:///(app-pages-browser)/./node_modules/next/dist/client/dev/hot-reloader/app/web-socket.js:55
[  779656ms] [ERROR] WebSocket connection to 'ws://nbrs-fe.test/_next/webpack-hmr?id=Y-WXg0aqCEtIwEj62XwzO' failed: Error during WebSocket handshake: Unexpected response code: 404 @ webpack-internal:///(app-pages-browser)/./node_modules/next/dist/client/dev/hot-reloader/app/web-socket.js:55
[  785339ms] [ERROR] WebSocket connection to 'ws://nbrs-fe.test/_next/webpack-hmr?id=Y-WXg0aqCEtIwEj62XwzO' failed: Error during WebSocket handshake: Unexpected response code: 404 @ webpack-internal:///(app-pages-browser)/./node_modules/next/dist/client/dev/hot-reloader/app/web-socket.js:55
[  792504ms] [ERROR] WebSocket connection to 'ws://nbrs-fe.test/_next/webpack-hmr?id=Y-WXg0aqCEtIwEj62XwzO' failed: Error during WebSocket handshake: Unexpected response code: 404 @ webpack-internal:///(app-pages-browser)/./node_modules/next/dist/client/dev/hot-reloader/app/web-socket.js:55
[  802190ms] [ERROR] WebSocket connection to 'ws://nbrs-fe.test/_next/webpack-hmr?id=Y-WXg0aqCEtIwEj62XwzO' failed: Error during WebSocket handshake: Unexpected response code: 404 @ webpack-internal:///(app-pages-browser)/./node_modules/next/dist/client/dev/hot-reloader/app/web-socket.js:55
[  811853ms] [ERROR] WebSocket connection to 'ws://nbrs-fe.test/_next/webpack-hmr?id=Y-WXg0aqCEtIwEj62XwzO' failed: Error during WebSocket handshake: Unexpected response code: 404 @ webpack-internal:///(app-pages-browser)/./node_modules/next/dist/client/dev/hot-reloader/app/web-socket.js:55
[  819122ms] [ERROR] WebSocket connection to 'ws://nbrs-fe.test/_next/webpack-hmr?id=Y-WXg0aqCEtIwEj62XwzO' failed: Error during WebSocket handshake: Unexpected response code: 404 @ webpack-internal:///(app-pages-browser)/./node_modules/next/dist/client/dev/hot-reloader/app/web-socket.js:55
[  825127ms] [INFO] %cDownload the React DevTools for a better development experience: https://react.dev/link/react-devtools font-weight:bold @ webpack-internal:///(app-pages-browser)/./node_modules/next/dist/next-devtools/shared/forward-logs-shared.js:27
[  828617ms] [ERROR] WebSocket connection to 'ws://nbrs-fe.test/_next/webpack-hmr?id=I1Azyvp1FCHDGPnAadAlv' failed: Error during WebSocket handshake: Unexpected response code: 404 @ webpack-internal:///(app-pages-browser)/./node_modules/next/dist/client/dev/hot-reloader/app/web-socket.js:55
[  834590ms] [ERROR] WebSocket connection to 'ws://nbrs-fe.test/_next/webpack-hmr?id=I1Azyvp1FCHDGPnAadAlv' failed: Error during WebSocket handshake: Unexpected response code: 404 @ webpack-internal:///(app-pages-browser)/./node_modules/next/dist/client/dev/hot-reloader/app/web-socket.js:55
[  837522ms] [ERROR] WebSocket connection to 'ws://nbrs-fe.test/_next/webpack-hmr?id=I1Azyvp1FCHDGPnAadAlv' failed: Error during WebSocket handshake: Unexpected response code: 404 @ webpack-internal:///(app-pages-browser)/./node_modules/next/dist/client/dev/hot-reloader/app/web-socket.js:55
[  842704ms] [ERROR] WebSocket connection to 'ws://nbrs-fe.test/_next/webpack-hmr?id=I1Azyvp1FCHDGPnAadAlv' failed: Error during WebSocket handshake: Unexpected response code: 404 @ webpack-internal:///(app-pages-browser)/./node_modules/next/dist/client/dev/hot-reloader/app/web-socket.js:55
[  846578ms] [ERROR] WebSocket connection to 'ws://nbrs-fe.test/_next/webpack-hmr?id=I1Azyvp1FCHDGPnAadAlv' failed: Error during WebSocket handshake: Unexpected response code: 404 @ webpack-internal:///(app-pages-browser)/./node_modules/next/dist/client/dev/hot-reloader/app/web-socket.js:55
[  849354ms] [ERROR] WebSocket connection to 'ws://nbrs-fe.test/_next/webpack-hmr?id=I1Azyvp1FCHDGPnAadAlv' failed: Error during WebSocket handshake: Unexpected response code: 404 @ webpack-internal:///(app-pages-browser)/./node_modules/next/dist/client/dev/hot-reloader/app/web-socket.js:55
[  854549ms] [ERROR] WebSocket connection to 'ws://nbrs-fe.test/_next/webpack-hmr?id=I1Azyvp1FCHDGPnAadAlv' failed: Error during WebSocket handshake: Unexpected response code: 404 @ webpack-internal:///(app-pages-browser)/./node_modules/next/dist/client/dev/hot-reloader/app/web-socket.js:55
[  859695ms] [ERROR] WebSocket connection to 'ws://nbrs-fe.test/_next/webpack-hmr?id=I1Azyvp1FCHDGPnAadAlv' failed: Error during WebSocket handshake: Unexpected response code: 404 @ webpack-internal:///(app-pages-browser)/./node_modules/next/dist/client/dev/hot-reloader/app/web-socket.js:55
[  864794ms] [ERROR] WebSocket connection to 'ws://nbrs-fe.test/_next/webpack-hmr?id=I1Azyvp1FCHDGPnAadAlv' failed: Error during WebSocket handshake: Unexpected response code: 404 @ webpack-internal:///(app-pages-browser)/./node_modules/next/dist/client/dev/hot-reloader/app/web-socket.js:55
[  869902ms] [ERROR] WebSocket connection to 'ws://nbrs-fe.test/_next/webpack-hmr?id=I1Azyvp1FCHDGPnAadAlv' failed: Error during WebSocket handshake: Unexpected response code: 404 @ webpack-internal:///(app-pages-browser)/./node_modules/next/dist/client/dev/hot-reloader/app/web-socket.js:55
[  875040ms] [ERROR] WebSocket connection to 'ws://nbrs-fe.test/_next/webpack-hmr?id=I1Azyvp1FCHDGPnAadAlv' failed: Error during WebSocket handshake: Unexpected response code: 404 @ webpack-internal:///(app-pages-browser)/./node_modules/next/dist/client/dev/hot-reloader/app/web-socket.js:55
[  880160ms] [ERROR] WebSocket connection to 'ws://nbrs-fe.test/_next/webpack-hmr?id=I1Azyvp1FCHDGPnAadAlv' failed: Error during WebSocket handshake: Unexpected response code: 404 @ webpack-internal:///(app-pages-browser)/./node_modules/next/dist/client/dev/hot-reloader/app/web-socket.js:55
[  885281ms] [ERROR] WebSocket connection to 'ws://nbrs-fe.test/_next/webpack-hmr?id=I1Azyvp1FCHDGPnAadAlv' failed: Error during WebSocket handshake: Unexpected response code: 404 @ webpack-internal:///(app-pages-browser)/./node_modules/next/dist/client/dev/hot-reloader/app/web-socket.js:55
[  887576ms] [INFO] %cDownload the React DevTools for a better development experience: https://react.dev/link/react-devtools font-weight:bold @ webpack-internal:///(app-pages-browser)/./node_modules/next/dist/next-devtools/shared/forward-logs-shared.js:27
[  889460ms] [ERROR] WebSocket connection to 'ws://nbrs-fe.test/_next/webpack-hmr?id=Ap5fAh_EkE9NAlclQddmv' failed: Error during WebSocket handshake: Unexpected response code: 404 @ webpack-internal:///(app-pages-browser)/./node_modules/next/dist/client/dev/hot-reloader/app/web-socket.js:55
[  890644ms] [ERROR] WebSocket connection to 'ws://nbrs-fe.test/_next/webpack-hmr?id=Ap5fAh_EkE9NAlclQddmv' failed: Error during WebSocket handshake: Unexpected response code: 404 @ webpack-internal:///(app-pages-browser)/./node_modules/next/dist/client/dev/hot-reloader/app/web-socket.js:55
[  891788ms] [ERROR] WebSocket connection to 'ws://nbrs-fe.test/_next/webpack-hmr?id=Ap5fAh_EkE9NAlclQddmv' failed: Error during WebSocket handshake: Unexpected response code: 404 @ webpack-internal:///(app-pages-browser)/./node_modules/next/dist/client/dev/hot-reloader/app/web-socket.js:55
[  892972ms] [ERROR] WebSocket connection to 'ws://nbrs-fe.test/_next/webpack-hmr?id=Ap5fAh_EkE9NAlclQddmv' failed: Error during WebSocket handshake: Unexpected response code: 404 @ webpack-internal:///(app-pages-browser)/./node_modules/next/dist/client/dev/hot-reloader/app/web-socket.js:55
[  894192ms] [ERROR] WebSocket connection to 'ws://nbrs-fe.test/_next/webpack-hmr?id=Ap5fAh_EkE9NAlclQddmv' failed: Error during WebSocket handshake: Unexpected response code: 404 @ webpack-internal:///(app-pages-browser)/./node_modules/next/dist/client/dev/hot-reloader/app/web-socket.js:55
[  895556ms] [ERROR] WebSocket connection to 'ws://nbrs-fe.test/_next/webpack-hmr?id=Ap5fAh_EkE9NAlclQddmv' failed: Error during WebSocket handshake: Unexpected response code: 404 @ webpack-internal:///(app-pages-browser)/./node_modules/next/dist/client/dev/hot-reloader/app/web-socket.js:55
[  900946ms] [ERROR] WebSocket connection to 'ws://nbrs-fe.test/_next/webpack-hmr?id=Ap5fAh_EkE9NAlclQddmv' failed: Error during WebSocket handshake: Unexpected response code: 404 @ webpack-internal:///(app-pages-browser)/./node_modules/next/dist/client/dev/hot-reloader/app/web-socket.js:55
[  906326ms] [ERROR] WebSocket connection to 'ws://nbrs-fe.test/_next/webpack-hmr?id=Ap5fAh_EkE9NAlclQddmv' failed: Error during WebSocket handshake: Unexpected response code: 404 @ webpack-internal:///(app-pages-browser)/./node_modules/next/dist/client/dev/hot-reloader/app/web-socket.js:55
[  912604ms] [ERROR] WebSocket connection to 'ws://nbrs-fe.test/_next/webpack-hmr?id=Ap5fAh_EkE9NAlclQddmv' failed: Error during WebSocket handshake: Unexpected response code: 404 @ webpack-internal:///(app-pages-browser)/./node_modules/next/dist/client/dev/hot-reloader/app/web-socket.js:55
[  920946ms] [ERROR] WebSocket connection to 'ws://nbrs-fe.test/_next/webpack-hmr?id=Ap5fAh_EkE9NAlclQddmv' failed: Error during WebSocket handshake: Unexpected response code: 404 @ webpack-internal:///(app-pages-browser)/./node_modules/next/dist/client/dev/hot-reloader/app/web-socket.js:55
[  927925ms] [ERROR] WebSocket connection to 'ws://nbrs-fe.test/_next/webpack-hmr?id=Ap5fAh_EkE9NAlclQddmv' failed: Error during WebSocket handshake: Unexpected response code: 404 @ webpack-internal:///(app-pages-browser)/./node_modules/next/dist/client/dev/hot-reloader/app/web-socket.js:55
[  936353ms] [ERROR] WebSocket connection to 'ws://nbrs-fe.test/_next/webpack-hmr?id=Ap5fAh_EkE9NAlclQddmv' failed: Error during WebSocket handshake: Unexpected response code: 404 @ webpack-internal:///(app-pages-browser)/./node_modules/next/dist/client/dev/hot-reloader/app/web-socket.js:55
[  944269ms] [ERROR] WebSocket connection to 'ws://nbrs-fe.test/_next/webpack-hmr?id=Ap5fAh_EkE9NAlclQddmv' failed: Error during WebSocket handshake: Unexpected response code: 404 @ webpack-internal:///(app-pages-browser)/./node_modules/next/dist/client/dev/hot-reloader/app/web-socket.js:55
[  947100ms] [INFO] %cDownload the React DevTools for a better development experience: https://react.dev/link/react-devtools font-weight:bold @ webpack-internal:///(app-pages-browser)/./node_modules/next/dist/next-devtools/shared/forward-logs-shared.js:27
[  950759ms] [ERROR] WebSocket connection to 'ws://nbrs-fe.test/_next/webpack-hmr?id=femEtcqGPU8yMWOyROoVD' failed: Error during WebSocket handshake: Unexpected response code: 404 @ webpack-internal:///(app-pages-browser)/./node_modules/next/dist/client/dev/hot-reloader/app/web-socket.js:55
[  956433ms] [ERROR] WebSocket connection to 'ws://nbrs-fe.test/_next/webpack-hmr?id=femEtcqGPU8yMWOyROoVD' failed: Error during WebSocket handshake: Unexpected response code: 404 @ webpack-internal:///(app-pages-browser)/./node_modules/next/dist/client/dev/hot-reloader/app/web-socket.js:55
[  960172ms] [ERROR] WebSocket connection to 'ws://nbrs-fe.test/_next/webpack-hmr?id=femEtcqGPU8yMWOyROoVD' failed: Error during WebSocket handshake: Unexpected response code: 404 @ webpack-internal:///(app-pages-browser)/./node_modules/next/dist/client/dev/hot-reloader/app/web-socket.js:55
[  965641ms] [ERROR] WebSocket connection to 'ws://nbrs-fe.test/_next/webpack-hmr?id=femEtcqGPU8yMWOyROoVD' failed: Error during WebSocket handshake: Unexpected response code: 404 @ webpack-internal:///(app-pages-browser)/./node_modules/next/dist/client/dev/hot-reloader/app/web-socket.js:55
[  970819ms] [ERROR] WebSocket connection to 'ws://nbrs-fe.test/_next/webpack-hmr?id=femEtcqGPU8yMWOyROoVD' failed: Error during WebSocket handshake: Unexpected response code: 404 @ webpack-internal:///(app-pages-browser)/./node_modules/next/dist/client/dev/hot-reloader/app/web-socket.js:55
[  976261ms] [ERROR] WebSocket connection to 'ws://nbrs-fe.test/_next/webpack-hmr?id=femEtcqGPU8yMWOyROoVD' failed: Error during WebSocket handshake: Unexpected response code: 404 @ webpack-internal:///(app-pages-browser)/./node_modules/next/dist/client/dev/hot-reloader/app/web-socket.js:55
[  984065ms] [ERROR] WebSocket connection to 'ws://nbrs-fe.test/_next/webpack-hmr?id=femEtcqGPU8yMWOyROoVD' failed: Error during WebSocket handshake: Unexpected response code: 404 @ webpack-internal:///(app-pages-browser)/./node_modules/next/dist/client/dev/hot-reloader/app/web-socket.js:55
[  991421ms] [ERROR] WebSocket connection to 'ws://nbrs-fe.test/_next/webpack-hmr?id=femEtcqGPU8yMWOyROoVD' failed: Error during WebSocket handshake: Unexpected response code: 404 @ webpack-internal:///(app-pages-browser)/./node_modules/next/dist/client/dev/hot-reloader/app/web-socket.js:55
[  997655ms] [ERROR] WebSocket connection to 'ws://nbrs-fe.test/_next/webpack-hmr?id=femEtcqGPU8yMWOyROoVD' failed: Error during WebSocket handshake: Unexpected response code: 404 @ webpack-internal:///(app-pages-browser)/./node_modules/next/dist/client/dev/hot-reloader/app/web-socket.js:55
[ 1004223ms] [ERROR] WebSocket connection to 'ws://nbrs-fe.test/_next/webpack-hmr?id=femEtcqGPU8yMWOyROoVD' failed: Error during WebSocket handshake: Unexpected response code: 404 @ webpack-internal:///(app-pages-browser)/./node_modules/next/dist/client/dev/hot-reloader/app/web-socket.js:55
[ 1012499ms] [ERROR] WebSocket connection to 'ws://nbrs-fe.test/_next/webpack-hmr?id=femEtcqGPU8yMWOyROoVD' failed: Error during WebSocket handshake: Unexpected response code: 404 @ webpack-internal:///(app-pages-browser)/./node_modules/next/dist/client/dev/hot-reloader/app/web-socket.js:55
[ 1020831ms] [ERROR] WebSocket connection to 'ws://nbrs-fe.test/_next/webpack-hmr?id=femEtcqGPU8yMWOyROoVD' failed: Error during WebSocket handshake: Unexpected response code: 404 @ webpack-internal:///(app-pages-browser)/./node_modules/next/dist/client/dev/hot-reloader/app/web-socket.js:55
[ 1027439ms] [ERROR] WebSocket connection to 'ws://nbrs-fe.test/_next/webpack-hmr?id=femEtcqGPU8yMWOyROoVD' failed: Error during WebSocket handshake: Unexpected response code: 404 @ webpack-internal:///(app-pages-browser)/./node_modules/next/dist/client/dev/hot-reloader/app/web-socket.js:55
[ 1028892ms] [INFO] %cDownload the React DevTools for a better development experience: https://react.dev/link/react-devtools font-weight:bold @ webpack-internal:///(app-pages-browser)/./node_modules/next/dist/next-devtools/shared/forward-logs-shared.js:27
[ 1033603ms] [ERROR] WebSocket connection to 'ws://nbrs-fe.test/_next/webpack-hmr?id=P8T9w9VkEWzoQtm01Xv_V' failed: Error during WebSocket handshake: Unexpected response code: 404 @ webpack-internal:///(app-pages-browser)/./node_modules/next/dist/client/dev/hot-reloader/app/web-socket.js:55
[ 1036970ms] [ERROR] WebSocket connection to 'ws://nbrs-fe.test/_next/webpack-hmr?id=P8T9w9VkEWzoQtm01Xv_V' failed: Error during WebSocket handshake: Unexpected response code: 404 @ webpack-internal:///(app-pages-browser)/./node_modules/next/dist/client/dev/hot-reloader/app/web-socket.js:55
[ 1039404ms] [ERROR] WebSocket connection to 'ws://nbrs-fe.test/_next/webpack-hmr?id=P8T9w9VkEWzoQtm01Xv_V' failed: Error during WebSocket handshake: Unexpected response code: 404 @ webpack-internal:///(app-pages-browser)/./node_modules/next/dist/client/dev/hot-reloader/app/web-socket.js:55
[ 1041638ms] [ERROR] WebSocket connection to 'ws://nbrs-fe.test/_next/webpack-hmr?id=P8T9w9VkEWzoQtm01Xv_V' failed: Error during WebSocket handshake: Unexpected response code: 404 @ webpack-internal:///(app-pages-browser)/./node_modules/next/dist/client/dev/hot-reloader/app/web-socket.js:55
[ 1047498ms] [ERROR] WebSocket connection to 'ws://nbrs-fe.test/_next/webpack-hmr?id=P8T9w9VkEWzoQtm01Xv_V' failed: Error during WebSocket handshake: Unexpected response code: 404 @ webpack-internal:///(app-pages-browser)/./node_modules/next/dist/client/dev/hot-reloader/app/web-socket.js:55
[ 1050247ms] [ERROR] WebSocket connection to 'ws://nbrs-fe.test/_next/webpack-hmr?id=P8T9w9VkEWzoQtm01Xv_V' failed: Error during WebSocket handshake: Unexpected response code: 404 @ webpack-internal:///(app-pages-browser)/./node_modules/next/dist/client/dev/hot-reloader/app/web-socket.js:55
[ 1060031ms] [ERROR] WebSocket connection to 'ws://nbrs-fe.test/_next/webpack-hmr?id=P8T9w9VkEWzoQtm01Xv_V' failed: Error during WebSocket handshake: Unexpected response code: 404 @ webpack-internal:///(app-pages-browser)/./node_modules/next/dist/client/dev/hot-reloader/app/web-socket.js:55
[ 1068624ms] [ERROR] WebSocket connection to 'ws://nbrs-fe.test/_next/webpack-hmr?id=P8T9w9VkEWzoQtm01Xv_V' failed: Error during WebSocket handshake: Unexpected response code: 404 @ webpack-internal:///(app-pages-browser)/./node_modules/next/dist/client/dev/hot-reloader/app/web-socket.js:55
[ 1076709ms] [ERROR] WebSocket connection to 'ws://nbrs-fe.test/_next/webpack-hmr?id=P8T9w9VkEWzoQtm01Xv_V' failed: Error during WebSocket handshake: Unexpected response code: 404 @ webpack-internal:///(app-pages-browser)/./node_modules/next/dist/client/dev/hot-reloader/app/web-socket.js:55
[ 1083696ms] [ERROR] WebSocket connection to 'ws://nbrs-fe.test/_next/webpack-hmr?id=P8T9w9VkEWzoQtm01Xv_V' failed: Error during WebSocket handshake: Unexpected response code: 404 @ webpack-internal:///(app-pages-browser)/./node_modules/next/dist/client/dev/hot-reloader/app/web-socket.js:55
[ 1092037ms] [ERROR] WebSocket connection to 'ws://nbrs-fe.test/_next/webpack-hmr?id=P8T9w9VkEWzoQtm01Xv_V' failed: Error during WebSocket handshake: Unexpected response code: 404 @ webpack-internal:///(app-pages-browser)/./node_modules/next/dist/client/dev/hot-reloader/app/web-socket.js:55
[ 1097160ms] [ERROR] WebSocket connection to 'ws://nbrs-fe.test/_next/webpack-hmr?id=P8T9w9VkEWzoQtm01Xv_V' failed: Error during WebSocket handshake: Unexpected response code: 404 @ webpack-internal:///(app-pages-browser)/./node_modules/next/dist/client/dev/hot-reloader/app/web-socket.js:55
[ 1102273ms] [ERROR] WebSocket connection to 'ws://nbrs-fe.test/_next/webpack-hmr?id=P8T9w9VkEWzoQtm01Xv_V' failed: Error during WebSocket handshake: Unexpected response code: 404 @ webpack-internal:///(app-pages-browser)/./node_modules/next/dist/client/dev/hot-reloader/app/web-socket.js:55
[ 1104100ms] [INFO] %cDownload the React DevTools for a better development experience: https://react.dev/link/react-devtools font-weight:bold @ webpack-internal:///(app-pages-browser)/./node_modules/next/dist/next-devtools/shared/forward-logs-shared.js:27
[ 1105214ms] [ERROR] WebSocket connection to 'ws://nbrs-fe.test/_next/webpack-hmr?id=JVEh-Zd9_GEFqzywsoUqG' failed: Error during WebSocket handshake: Unexpected response code: 404 @ webpack-internal:///(app-pages-browser)/./node_modules/next/dist/client/dev/hot-reloader/app/web-socket.js:55
[ 1106505ms] [ERROR] WebSocket connection to 'ws://nbrs-fe.test/_next/webpack-hmr?id=JVEh-Zd9_GEFqzywsoUqG' failed: Error during WebSocket handshake: Unexpected response code: 404 @ webpack-internal:///(app-pages-browser)/./node_modules/next/dist/client/dev/hot-reloader/app/web-socket.js:55
[ 1108644ms] [ERROR] WebSocket connection to 'ws://nbrs-fe.test/_next/webpack-hmr?id=JVEh-Zd9_GEFqzywsoUqG' failed: Error during WebSocket handshake: Unexpected response code: 404 @ webpack-internal:///(app-pages-browser)/./node_modules/next/dist/client/dev/hot-reloader/app/web-socket.js:55
[ 1109726ms] [ERROR] WebSocket connection to 'ws://nbrs-fe.test/_next/webpack-hmr?id=JVEh-Zd9_GEFqzywsoUqG' failed: Error during WebSocket handshake: Unexpected response code: 404 @ webpack-internal:///(app-pages-browser)/./node_modules/next/dist/client/dev/hot-reloader/app/web-socket.js:55
[ 1110830ms] [ERROR] WebSocket connection to 'ws://nbrs-fe.test/_next/webpack-hmr?id=JVEh-Zd9_GEFqzywsoUqG' failed: Error during WebSocket handshake: Unexpected response code: 404 @ webpack-internal:///(app-pages-browser)/./node_modules/next/dist/client/dev/hot-reloader/app/web-socket.js:55
[ 1111959ms] [ERROR] WebSocket connection to 'ws://nbrs-fe.test/_next/webpack-hmr?id=JVEh-Zd9_GEFqzywsoUqG' failed: Error during WebSocket handshake: Unexpected response code: 404 @ webpack-internal:///(app-pages-browser)/./node_modules/next/dist/client/dev/hot-reloader/app/web-socket.js:55
[ 1117082ms] [ERROR] WebSocket connection to 'ws://nbrs-fe.test/_next/webpack-hmr?id=JVEh-Zd9_GEFqzywsoUqG' failed: Error during WebSocket handshake: Unexpected response code: 404 @ webpack-internal:///(app-pages-browser)/./node_modules/next/dist/client/dev/hot-reloader/app/web-socket.js:55
[ 1122210ms] [ERROR] WebSocket connection to 'ws://nbrs-fe.test/_next/webpack-hmr?id=JVEh-Zd9_GEFqzywsoUqG' failed: Error during WebSocket handshake: Unexpected response code: 404 @ webpack-internal:///(app-pages-browser)/./node_modules/next/dist/client/dev/hot-reloader/app/web-socket.js:55
[ 1127355ms] [ERROR] WebSocket connection to 'ws://nbrs-fe.test/_next/webpack-hmr?id=JVEh-Zd9_GEFqzywsoUqG' failed: Error during WebSocket handshake: Unexpected response code: 404 @ webpack-internal:///(app-pages-browser)/./node_modules/next/dist/client/dev/hot-reloader/app/web-socket.js:55
[ 1132682ms] [ERROR] WebSocket connection to 'ws://nbrs-fe.test/_next/webpack-hmr?id=JVEh-Zd9_GEFqzywsoUqG' failed: Error during WebSocket handshake: Unexpected response code: 404 @ webpack-internal:///(app-pages-browser)/./node_modules/next/dist/client/dev/hot-reloader/app/web-socket.js:55
[ 1138010ms] [ERROR] WebSocket connection to 'ws://nbrs-fe.test/_next/webpack-hmr?id=JVEh-Zd9_GEFqzywsoUqG' failed: Error during WebSocket handshake: Unexpected response code: 404 @ webpack-internal:///(app-pages-browser)/./node_modules/next/dist/client/dev/hot-reloader/app/web-socket.js:55
[ 1143533ms] [ERROR] WebSocket connection to 'ws://nbrs-fe.test/_next/webpack-hmr?id=JVEh-Zd9_GEFqzywsoUqG' failed: Error during WebSocket handshake: Unexpected response code: 404 @ webpack-internal:///(app-pages-browser)/./node_modules/next/dist/client/dev/hot-reloader/app/web-socket.js:55
[ 1149429ms] [ERROR] WebSocket connection to 'ws://nbrs-fe.test/_next/webpack-hmr?id=JVEh-Zd9_GEFqzywsoUqG' failed: Error during WebSocket handshake: Unexpected response code: 404 @ webpack-internal:///(app-pages-browser)/./node_modules/next/dist/client/dev/hot-reloader/app/web-socket.js:55
[ 1151629ms] [INFO] %cDownload the React DevTools for a better development experience: https://react.dev/link/react-devtools font-weight:bold @ webpack-internal:///(app-pages-browser)/./node_modules/next/dist/next-devtools/shared/forward-logs-shared.js:27
[ 1152808ms] [ERROR] WebSocket connection to 'ws://nbrs-fe.test/_next/webpack-hmr?id=uW_C6AqtwM0TO0Y2BHWs_' failed: Error during WebSocket handshake: Unexpected response code: 404 @ webpack-internal:///(app-pages-browser)/./node_modules/next/dist/client/dev/hot-reloader/app/web-socket.js:55
[ 1156123ms] [ERROR] WebSocket connection to 'ws://nbrs-fe.test/_next/webpack-hmr?id=uW_C6AqtwM0TO0Y2BHWs_' failed: Error during WebSocket handshake: Unexpected response code: 404 @ webpack-internal:///(app-pages-browser)/./node_modules/next/dist/client/dev/hot-reloader/app/web-socket.js:55
[ 1159831ms] [ERROR] WebSocket connection to 'ws://nbrs-fe.test/_next/webpack-hmr?id=uW_C6AqtwM0TO0Y2BHWs_' failed: Error during WebSocket handshake: Unexpected response code: 404 @ webpack-internal:///(app-pages-browser)/./node_modules/next/dist/client/dev/hot-reloader/app/web-socket.js:55
[ 1162996ms] [ERROR] WebSocket connection to 'ws://nbrs-fe.test/_next/webpack-hmr?id=uW_C6AqtwM0TO0Y2BHWs_' failed: Error during WebSocket handshake: Unexpected response code: 404 @ webpack-internal:///(app-pages-browser)/./node_modules/next/dist/client/dev/hot-reloader/app/web-socket.js:55
[ 1167129ms] [ERROR] WebSocket connection to 'ws://nbrs-fe.test/_next/webpack-hmr?id=uW_C6AqtwM0TO0Y2BHWs_' failed: Error during WebSocket handshake: Unexpected response code: 404 @ webpack-internal:///(app-pages-browser)/./node_modules/next/dist/client/dev/hot-reloader/app/web-socket.js:55
[ 1170574ms] [ERROR] WebSocket connection to 'ws://nbrs-fe.test/_next/webpack-hmr?id=uW_C6AqtwM0TO0Y2BHWs_' failed: Error during WebSocket handshake: Unexpected response code: 404 @ webpack-internal:///(app-pages-browser)/./node_modules/next/dist/client/dev/hot-reloader/app/web-socket.js:55
[ 1177244ms] [ERROR] WebSocket connection to 'ws://nbrs-fe.test/_next/webpack-hmr?id=uW_C6AqtwM0TO0Y2BHWs_' failed: Error during WebSocket handshake: Unexpected response code: 404 @ webpack-internal:///(app-pages-browser)/./node_modules/next/dist/client/dev/hot-reloader/app/web-socket.js:55
[ 1184711ms] [ERROR] WebSocket connection to 'ws://nbrs-fe.test/_next/webpack-hmr?id=uW_C6AqtwM0TO0Y2BHWs_' failed: Error during WebSocket handshake: Unexpected response code: 404 @ webpack-internal:///(app-pages-browser)/./node_modules/next/dist/client/dev/hot-reloader/app/web-socket.js:55
[ 1193639ms] [ERROR] WebSocket connection to 'ws://nbrs-fe.test/_next/webpack-hmr?id=uW_C6AqtwM0TO0Y2BHWs_' failed: Error during WebSocket handshake: Unexpected response code: 404 @ webpack-internal:///(app-pages-browser)/./node_modules/next/dist/client/dev/hot-reloader/app/web-socket.js:55
[ 1201340ms] [ERROR] WebSocket connection to 'ws://nbrs-fe.test/_next/webpack-hmr?id=uW_C6AqtwM0TO0Y2BHWs_' failed: Error during WebSocket handshake: Unexpected response code: 404 @ webpack-internal:///(app-pages-browser)/./node_modules/next/dist/client/dev/hot-reloader/app/web-socket.js:55
[ 1207843ms] [ERROR] WebSocket connection to 'ws://nbrs-fe.test/_next/webpack-hmr?id=uW_C6AqtwM0TO0Y2BHWs_' failed: Error during WebSocket handshake: Unexpected response code: 404 @ webpack-internal:///(app-pages-browser)/./node_modules/next/dist/client/dev/hot-reloader/app/web-socket.js:55
[ 1216901ms] [ERROR] WebSocket connection to 'ws://nbrs-fe.test/_next/webpack-hmr?id=uW_C6AqtwM0TO0Y2BHWs_' failed: Error during WebSocket handshake: Unexpected response code: 404 @ webpack-internal:///(app-pages-browser)/./node_modules/next/dist/client/dev/hot-reloader/app/web-socket.js:55
[ 1221968ms] [ERROR] WebSocket connection to 'ws://nbrs-fe.test/_next/webpack-hmr?id=uW_C6AqtwM0TO0Y2BHWs_' failed: Error during WebSocket handshake: Unexpected response code: 404 @ webpack-internal:///(app-pages-browser)/./node_modules/next/dist/client/dev/hot-reloader/app/web-socket.js:55
[ 1223524ms] [INFO] %cDownload the React DevTools for a better development experience: https://react.dev/link/react-devtools font-weight:bold @ webpack-internal:///(app-pages-browser)/./node_modules/next/dist/next-devtools/shared/forward-logs-shared.js:27
[ 1224572ms] [ERROR] WebSocket connection to 'ws://nbrs-fe.test/_next/webpack-hmr?id=Ruil9mMWu4vI6abWwthPh' failed: Error during WebSocket handshake: Unexpected response code: 404 @ webpack-internal:///(app-pages-browser)/./node_modules/next/dist/client/dev/hot-reloader/app/web-socket.js:55
[ 1225675ms] [ERROR] WebSocket connection to 'ws://nbrs-fe.test/_next/webpack-hmr?id=Ruil9mMWu4vI6abWwthPh' failed: Error during WebSocket handshake: Unexpected response code: 404 @ webpack-internal:///(app-pages-browser)/./node_modules/next/dist/client/dev/hot-reloader/app/web-socket.js:55
[ 1226764ms] [ERROR] WebSocket connection to 'ws://nbrs-fe.test/_next/webpack-hmr?id=Ruil9mMWu4vI6abWwthPh' failed: Error during WebSocket handshake: Unexpected response code: 404 @ webpack-internal:///(app-pages-browser)/./node_modules/next/dist/client/dev/hot-reloader/app/web-socket.js:55
[ 1227840ms] [ERROR] WebSocket connection to 'ws://nbrs-fe.test/_next/webpack-hmr?id=Ruil9mMWu4vI6abWwthPh' failed: Error during WebSocket handshake: Unexpected response code: 404 @ webpack-internal:///(app-pages-browser)/./node_modules/next/dist/client/dev/hot-reloader/app/web-socket.js:55
[ 1228910ms] [ERROR] WebSocket connection to 'ws://nbrs-fe.test/_next/webpack-hmr?id=Ruil9mMWu4vI6abWwthPh' failed: Error during WebSocket handshake: Unexpected response code: 404 @ webpack-internal:///(app-pages-browser)/./node_modules/next/dist/client/dev/hot-reloader/app/web-socket.js:55
[ 1229999ms] [ERROR] WebSocket connection to 'ws://nbrs-fe.test/_next/webpack-hmr?id=Ruil9mMWu4vI6abWwthPh' failed: Error during WebSocket handshake: Unexpected response code: 404 @ webpack-internal:///(app-pages-browser)/./node_modules/next/dist/client/dev/hot-reloader/app/web-socket.js:55
[ 1235062ms] [ERROR] WebSocket connection to 'ws://nbrs-fe.test/_next/webpack-hmr?id=Ruil9mMWu4vI6abWwthPh' failed: Error during WebSocket handshake: Unexpected response code: 404 @ webpack-internal:///(app-pages-browser)/./node_modules/next/dist/client/dev/hot-reloader/app/web-socket.js:55
[ 1240151ms] [ERROR] WebSocket connection to 'ws://nbrs-fe.test/_next/webpack-hmr?id=Ruil9mMWu4vI6abWwthPh' failed: Error during WebSocket handshake: Unexpected response code: 404 @ webpack-internal:///(app-pages-browser)/./node_modules/next/dist/client/dev/hot-reloader/app/web-socket.js:55
[ 1245241ms] [ERROR] WebSocket connection to 'ws://nbrs-fe.test/_next/webpack-hmr?id=Ruil9mMWu4vI6abWwthPh' failed: Error during WebSocket handshake: Unexpected response code: 404 @ webpack-internal:///(app-pages-browser)/./node_modules/next/dist/client/dev/hot-reloader/app/web-socket.js:55
[ 1250360ms] [ERROR] WebSocket connection to 'ws://nbrs-fe.test/_next/webpack-hmr?id=Ruil9mMWu4vI6abWwthPh' failed: Error during WebSocket handshake: Unexpected response code: 404 @ webpack-internal:///(app-pages-browser)/./node_modules/next/dist/client/dev/hot-reloader/app/web-socket.js:55
[ 1255562ms] [ERROR] WebSocket connection to 'ws://nbrs-fe.test/_next/webpack-hmr?id=Ruil9mMWu4vI6abWwthPh' failed: Error during WebSocket handshake: Unexpected response code: 404 @ webpack-internal:///(app-pages-browser)/./node_modules/next/dist/client/dev/hot-reloader/app/web-socket.js:55
[ 1260990ms] [ERROR] WebSocket connection to 'ws://nbrs-fe.test/_next/webpack-hmr?id=Ruil9mMWu4vI6abWwthPh' failed: Error during WebSocket handshake: Unexpected response code: 404 @ webpack-internal:///(app-pages-browser)/./node_modules/next/dist/client/dev/hot-reloader/app/web-socket.js:55
[ 1266619ms] [ERROR] WebSocket connection to 'ws://nbrs-fe.test/_next/webpack-hmr?id=Ruil9mMWu4vI6abWwthPh' failed: Error during WebSocket handshake: Unexpected response code: 404 @ webpack-internal:///(app-pages-browser)/./node_modules/next/dist/client/dev/hot-reloader/app/web-socket.js:55
[ 1271046ms] [INFO] %cDownload the React DevTools for a better development experience: https://react.dev/link/react-devtools font-weight:bold @ webpack-internal:///(app-pages-browser)/./node_modules/next/dist/next-devtools/shared/forward-logs-shared.js:27
[ 1272239ms] [ERROR] WebSocket connection to 'ws://nbrs-fe.test/_next/webpack-hmr?id=3HG3Doqwq4GN3rz3rsxk6' failed: Error during WebSocket handshake: Unexpected response code: 404 @ webpack-internal:///(app-pages-browser)/./node_modules/next/dist/client/dev/hot-reloader/app/web-socket.js:55
[ 1274367ms] [ERROR] WebSocket connection to 'ws://nbrs-fe.test/_next/webpack-hmr?id=3HG3Doqwq4GN3rz3rsxk6' failed: Error during WebSocket handshake: Unexpected response code: 404 @ webpack-internal:///(app-pages-browser)/./node_modules/next/dist/client/dev/hot-reloader/app/web-socket.js:55
[ 1280068ms] [ERROR] WebSocket connection to 'ws://nbrs-fe.test/_next/webpack-hmr?id=3HG3Doqwq4GN3rz3rsxk6' failed: Error during WebSocket handshake: Unexpected response code: 404 @ webpack-internal:///(app-pages-browser)/./node_modules/next/dist/client/dev/hot-reloader/app/web-socket.js:55
[ 1283884ms] [ERROR] WebSocket connection to 'ws://nbrs-fe.test/_next/webpack-hmr?id=3HG3Doqwq4GN3rz3rsxk6' failed: Error during WebSocket handshake: Unexpected response code: 404 @ webpack-internal:///(app-pages-browser)/./node_modules/next/dist/client/dev/hot-reloader/app/web-socket.js:55
[ 1289294ms] [ERROR] WebSocket connection to 'ws://nbrs-fe.test/_next/webpack-hmr?id=3HG3Doqwq4GN3rz3rsxk6' failed: Error during WebSocket handshake: Unexpected response code: 404 @ webpack-internal:///(app-pages-browser)/./node_modules/next/dist/client/dev/hot-reloader/app/web-socket.js:55
[ 1293932ms] [ERROR] WebSocket connection to 'ws://nbrs-fe.test/_next/webpack-hmr?id=3HG3Doqwq4GN3rz3rsxk6' failed: Error during WebSocket handshake: Unexpected response code: 404 @ webpack-internal:///(app-pages-browser)/./node_modules/next/dist/client/dev/hot-reloader/app/web-socket.js:55
[ 1300716ms] [ERROR] WebSocket connection to 'ws://nbrs-fe.test/_next/webpack-hmr?id=3HG3Doqwq4GN3rz3rsxk6' failed: Error during WebSocket handshake: Unexpected response code: 404 @ webpack-internal:///(app-pages-browser)/./node_modules/next/dist/client/dev/hot-reloader/app/web-socket.js:55
[ 1306952ms] [ERROR] WebSocket connection to 'ws://nbrs-fe.test/_next/webpack-hmr?id=3HG3Doqwq4GN3rz3rsxk6' failed: Error during WebSocket handshake: Unexpected response code: 404 @ webpack-internal:///(app-pages-browser)/./node_modules/next/dist/client/dev/hot-reloader/app/web-socket.js:55
[ 1314361ms] [ERROR] WebSocket connection to 'ws://nbrs-fe.test/_next/webpack-hmr?id=3HG3Doqwq4GN3rz3rsxk6' failed: Error during WebSocket handshake: Unexpected response code: 404 @ webpack-internal:///(app-pages-browser)/./node_modules/next/dist/client/dev/hot-reloader/app/web-socket.js:55
[ 1321132ms] [ERROR] WebSocket connection to 'ws://nbrs-fe.test/_next/webpack-hmr?id=3HG3Doqwq4GN3rz3rsxk6' failed: Error during WebSocket handshake: Unexpected response code: 404 @ webpack-internal:///(app-pages-browser)/./node_modules/next/dist/client/dev/hot-reloader/app/web-socket.js:55
[ 1327633ms] [ERROR] WebSocket connection to 'ws://nbrs-fe.test/_next/webpack-hmr?id=3HG3Doqwq4GN3rz3rsxk6' failed: Error during WebSocket handshake: Unexpected response code: 404 @ webpack-internal:///(app-pages-browser)/./node_modules/next/dist/client/dev/hot-reloader/app/web-socket.js:55
[ 1335538ms] [ERROR] WebSocket connection to 'ws://nbrs-fe.test/_next/webpack-hmr?id=3HG3Doqwq4GN3rz3rsxk6' failed: Error during WebSocket handshake: Unexpected response code: 404 @ webpack-internal:///(app-pages-browser)/./node_modules/next/dist/client/dev/hot-reloader/app/web-socket.js:55
[ 1345342ms] [ERROR] WebSocket connection to 'ws://nbrs-fe.test/_next/webpack-hmr?id=3HG3Doqwq4GN3rz3rsxk6' failed: Error during WebSocket handshake: Unexpected response code: 404 @ webpack-internal:///(app-pages-browser)/./node_modules/next/dist/client/dev/hot-reloader/app/web-socket.js:55
[ 1346899ms] [INFO] %cDownload the React DevTools for a better development experience: https://react.dev/link/react-devtools font-weight:bold @ webpack-internal:///(app-pages-browser)/./node_modules/next/dist/next-devtools/shared/forward-logs-shared.js:27
[ 1351577ms] [ERROR] WebSocket connection to 'ws://nbrs-fe.test/_next/webpack-hmr?id=rCjSpulPJ55-77i1-_lnP' failed: Error during WebSocket handshake: Unexpected response code: 404 @ webpack-internal:///(app-pages-browser)/./node_modules/next/dist/client/dev/hot-reloader/app/web-socket.js:55
[ 1356024ms] [ERROR] WebSocket connection to 'ws://nbrs-fe.test/_next/webpack-hmr?id=rCjSpulPJ55-77i1-_lnP' failed: Error during WebSocket handshake: Unexpected response code: 404 @ webpack-internal:///(app-pages-browser)/./node_modules/next/dist/client/dev/hot-reloader/app/web-socket.js:55
[ 1358829ms] [ERROR] WebSocket connection to 'ws://nbrs-fe.test/_next/webpack-hmr?id=rCjSpulPJ55-77i1-_lnP' failed: Error during WebSocket handshake: Unexpected response code: 404 @ webpack-internal:///(app-pages-browser)/./node_modules/next/dist/client/dev/hot-reloader/app/web-socket.js:55
[ 1362391ms] [ERROR] WebSocket connection to 'ws://nbrs-fe.test/_next/webpack-hmr?id=rCjSpulPJ55-77i1-_lnP' failed: Error during WebSocket handshake: Unexpected response code: 404 @ webpack-internal:///(app-pages-browser)/./node_modules/next/dist/client/dev/hot-reloader/app/web-socket.js:55
[ 1365877ms] [ERROR] WebSocket connection to 'ws://nbrs-fe.test/_next/webpack-hmr?id=rCjSpulPJ55-77i1-_lnP' failed: Error during WebSocket handshake: Unexpected response code: 404 @ webpack-internal:///(app-pages-browser)/./node_modules/next/dist/client/dev/hot-reloader/app/web-socket.js:55
[ 1368330ms] [ERROR] WebSocket connection to 'ws://nbrs-fe.test/_next/webpack-hmr?id=rCjSpulPJ55-77i1-_lnP' failed: Error during WebSocket handshake: Unexpected response code: 404 @ webpack-internal:///(app-pages-browser)/./node_modules/next/dist/client/dev/hot-reloader/app/web-socket.js:55
[ 1377565ms] [ERROR] WebSocket connection to 'ws://nbrs-fe.test/_next/webpack-hmr?id=rCjSpulPJ55-77i1-_lnP' failed: Error during WebSocket handshake: Unexpected response code: 404 @ webpack-internal:///(app-pages-browser)/./node_modules/next/dist/client/dev/hot-reloader/app/web-socket.js:55
[ 1385773ms] [ERROR] WebSocket connection to 'ws://nbrs-fe.test/_next/webpack-hmr?id=rCjSpulPJ55-77i1-_lnP' failed: Error during WebSocket handshake: Unexpected response code: 404 @ webpack-internal:///(app-pages-browser)/./node_modules/next/dist/client/dev/hot-reloader/app/web-socket.js:55
[ 1394352ms] [ERROR] WebSocket connection to 'ws://nbrs-fe.test/_next/webpack-hmr?id=rCjSpulPJ55-77i1-_lnP' failed: Error during WebSocket handshake: Unexpected response code: 404 @ webpack-internal:///(app-pages-browser)/./node_modules/next/dist/client/dev/hot-reloader/app/web-socket.js:55
[ 1401574ms] [ERROR] WebSocket connection to 'ws://nbrs-fe.test/_next/webpack-hmr?id=rCjSpulPJ55-77i1-_lnP' failed: Error during WebSocket handshake: Unexpected response code: 404 @ webpack-internal:///(app-pages-browser)/./node_modules/next/dist/client/dev/hot-reloader/app/web-socket.js:55
[ 1409251ms] [ERROR] WebSocket connection to 'ws://nbrs-fe.test/_next/webpack-hmr?id=rCjSpulPJ55-77i1-_lnP' failed: Error during WebSocket handshake: Unexpected response code: 404 @ webpack-internal:///(app-pages-browser)/./node_modules/next/dist/client/dev/hot-reloader/app/web-socket.js:55
[ 1416141ms] [ERROR] WebSocket connection to 'ws://nbrs-fe.test/_next/webpack-hmr?id=rCjSpulPJ55-77i1-_lnP' failed: Error during WebSocket handshake: Unexpected response code: 404 @ webpack-internal:///(app-pages-browser)/./node_modules/next/dist/client/dev/hot-reloader/app/web-socket.js:55
[ 1425875ms] [ERROR] WebSocket connection to 'ws://nbrs-fe.test/_next/webpack-hmr?id=rCjSpulPJ55-77i1-_lnP' failed: Error during WebSocket handshake: Unexpected response code: 404 @ webpack-internal:///(app-pages-browser)/./node_modules/next/dist/client/dev/hot-reloader/app/web-socket.js:55
[ 1430889ms] [INFO] %cDownload the React DevTools for a better development experience: https://react.dev/link/react-devtools font-weight:bold @ webpack-internal:///(app-pages-browser)/./node_modules/next/dist/next-devtools/shared/forward-logs-shared.js:27
[ 1436059ms] [ERROR] WebSocket connection to 'ws://nbrs-fe.test/_next/webpack-hmr?id=1s6c0x8i-RxmFdA3ih7Q3' failed: Error during WebSocket handshake: Unexpected response code: 404 @ webpack-internal:///(app-pages-browser)/./node_modules/next/dist/client/dev/hot-reloader/app/web-socket.js:55
[ 1439503ms] [ERROR] WebSocket connection to 'ws://nbrs-fe.test/_next/webpack-hmr?id=1s6c0x8i-RxmFdA3ih7Q3' failed: Error during WebSocket handshake: Unexpected response code: 404 @ webpack-internal:///(app-pages-browser)/./node_modules/next/dist/client/dev/hot-reloader/app/web-socket.js:55
[ 1442518ms] [ERROR] WebSocket connection to 'ws://nbrs-fe.test/_next/webpack-hmr?id=1s6c0x8i-RxmFdA3ih7Q3' failed: Error during WebSocket handshake: Unexpected response code: 404 @ webpack-internal:///(app-pages-browser)/./node_modules/next/dist/client/dev/hot-reloader/app/web-socket.js:55
[ 1447409ms] [ERROR] WebSocket connection to 'ws://nbrs-fe.test/_next/webpack-hmr?id=1s6c0x8i-RxmFdA3ih7Q3' failed: Error during WebSocket handshake: Unexpected response code: 404 @ webpack-internal:///(app-pages-browser)/./node_modules/next/dist/client/dev/hot-reloader/app/web-socket.js:55
[ 1451754ms] [ERROR] WebSocket connection to 'ws://nbrs-fe.test/_next/webpack-hmr?id=1s6c0x8i-RxmFdA3ih7Q3' failed: Error during WebSocket handshake: Unexpected response code: 404 @ webpack-internal:///(app-pages-browser)/./node_modules/next/dist/client/dev/hot-reloader/app/web-socket.js:55
[ 1454974ms] [ERROR] WebSocket connection to 'ws://nbrs-fe.test/_next/webpack-hmr?id=1s6c0x8i-RxmFdA3ih7Q3' failed: Error during WebSocket handshake: Unexpected response code: 404 @ webpack-internal:///(app-pages-browser)/./node_modules/next/dist/client/dev/hot-reloader/app/web-socket.js:55
[ 1462127ms] [ERROR] WebSocket connection to 'ws://nbrs-fe.test/_next/webpack-hmr?id=1s6c0x8i-RxmFdA3ih7Q3' failed: Error during WebSocket handshake: Unexpected response code: 404 @ webpack-internal:///(app-pages-browser)/./node_modules/next/dist/client/dev/hot-reloader/app/web-socket.js:55
[ 1470163ms] [ERROR] WebSocket connection to 'ws://nbrs-fe.test/_next/webpack-hmr?id=1s6c0x8i-RxmFdA3ih7Q3' failed: Error during WebSocket handshake: Unexpected response code: 404 @ webpack-internal:///(app-pages-browser)/./node_modules/next/dist/client/dev/hot-reloader/app/web-socket.js:55
[ 1480218ms] [ERROR] WebSocket connection to 'ws://nbrs-fe.test/_next/webpack-hmr?id=1s6c0x8i-RxmFdA3ih7Q3' failed: Error during WebSocket handshake: Unexpected response code: 404 @ webpack-internal:///(app-pages-browser)/./node_modules/next/dist/client/dev/hot-reloader/app/web-socket.js:55
[ 1490047ms] [ERROR] WebSocket connection to 'ws://nbrs-fe.test/_next/webpack-hmr?id=1s6c0x8i-RxmFdA3ih7Q3' failed: Error during WebSocket handshake: Unexpected response code: 404 @ webpack-internal:///(app-pages-browser)/./node_modules/next/dist/client/dev/hot-reloader/app/web-socket.js:55
[ 1496495ms] [ERROR] WebSocket connection to 'ws://nbrs-fe.test/_next/webpack-hmr?id=1s6c0x8i-RxmFdA3ih7Q3' failed: Error during WebSocket handshake: Unexpected response code: 404 @ webpack-internal:///(app-pages-browser)/./node_modules/next/dist/client/dev/hot-reloader/app/web-socket.js:55
[ 1502897ms] [ERROR] WebSocket connection to 'ws://nbrs-fe.test/_next/webpack-hmr?id=1s6c0x8i-RxmFdA3ih7Q3' failed: Error during WebSocket handshake: Unexpected response code: 404 @ webpack-internal:///(app-pages-browser)/./node_modules/next/dist/client/dev/hot-reloader/app/web-socket.js:55
[ 1511003ms] [ERROR] WebSocket connection to 'ws://nbrs-fe.test/_next/webpack-hmr?id=1s6c0x8i-RxmFdA3ih7Q3' failed: Error during WebSocket handshake: Unexpected response code: 404 @ webpack-internal:///(app-pages-browser)/./node_modules/next/dist/client/dev/hot-reloader/app/web-socket.js:55
[ 1512336ms] [INFO] %cDownload the React DevTools for a better development experience: https://react.dev/link/react-devtools font-weight:bold @ webpack-internal:///(app-pages-browser)/./node_modules/next/dist/next-devtools/shared/forward-logs-shared.js:27
[ 1513926ms] [ERROR] WebSocket connection to 'ws://nbrs-fe.test/_next/webpack-hmr?id=PJDRwjf5cMv0k-csThoZN' failed: Error during WebSocket handshake: Unexpected response code: 404 @ webpack-internal:///(app-pages-browser)/./node_modules/next/dist/client/dev/hot-reloader/app/web-socket.js:55
[ 1518907ms] [ERROR] WebSocket connection to 'ws://nbrs-fe.test/_next/webpack-hmr?id=PJDRwjf5cMv0k-csThoZN' failed: Error during WebSocket handshake: Unexpected response code: 404 @ webpack-internal:///(app-pages-browser)/./node_modules/next/dist/client/dev/hot-reloader/app/web-socket.js:55
[ 1524420ms] [ERROR] WebSocket connection to 'ws://nbrs-fe.test/_next/webpack-hmr?id=PJDRwjf5cMv0k-csThoZN' failed: Error during WebSocket handshake: Unexpected response code: 404 @ webpack-internal:///(app-pages-browser)/./node_modules/next/dist/client/dev/hot-reloader/app/web-socket.js:55
[ 1528834ms] [ERROR] WebSocket connection to 'ws://nbrs-fe.test/_next/webpack-hmr?id=PJDRwjf5cMv0k-csThoZN' failed: Error during WebSocket handshake: Unexpected response code: 404 @ webpack-internal:///(app-pages-browser)/./node_modules/next/dist/client/dev/hot-reloader/app/web-socket.js:55
[ 1531022ms] [ERROR] WebSocket connection to 'ws://nbrs-fe.test/_next/webpack-hmr?id=PJDRwjf5cMv0k-csThoZN' failed: Error during WebSocket handshake: Unexpected response code: 404 @ webpack-internal:///(app-pages-browser)/./node_modules/next/dist/client/dev/hot-reloader/app/web-socket.js:55
[ 1535140ms] [ERROR] WebSocket connection to 'ws://nbrs-fe.test/_next/webpack-hmr?id=PJDRwjf5cMv0k-csThoZN' failed: Error during WebSocket handshake: Unexpected response code: 404 @ webpack-internal:///(app-pages-browser)/./node_modules/next/dist/client/dev/hot-reloader/app/web-socket.js:55
[ 1544966ms] [ERROR] WebSocket connection to 'ws://nbrs-fe.test/_next/webpack-hmr?id=PJDRwjf5cMv0k-csThoZN' failed: Error during WebSocket handshake: Unexpected response code: 404 @ webpack-internal:///(app-pages-browser)/./node_modules/next/dist/client/dev/hot-reloader/app/web-socket.js:55
[ 1551993ms] [ERROR] WebSocket connection to 'ws://nbrs-fe.test/_next/webpack-hmr?id=PJDRwjf5cMv0k-csThoZN' failed: Error during WebSocket handshake: Unexpected response code: 404 @ webpack-internal:///(app-pages-browser)/./node_modules/next/dist/client/dev/hot-reloader/app/web-socket.js:55
[ 1558362ms] [ERROR] WebSocket connection to 'ws://nbrs-fe.test/_next/webpack-hmr?id=PJDRwjf5cMv0k-csThoZN' failed: Error during WebSocket handshake: Unexpected response code: 404 @ webpack-internal:///(app-pages-browser)/./node_modules/next/dist/client/dev/hot-reloader/app/web-socket.js:55
[ 1568234ms] [ERROR] WebSocket connection to 'ws://nbrs-fe.test/_next/webpack-hmr?id=PJDRwjf5cMv0k-csThoZN' failed: Error during WebSocket handshake: Unexpected response code: 404 @ webpack-internal:///(app-pages-browser)/./node_modules/next/dist/client/dev/hot-reloader/app/web-socket.js:55
[ 1575049ms] [ERROR] WebSocket connection to 'ws://nbrs-fe.test/_next/webpack-hmr?id=PJDRwjf5cMv0k-csThoZN' failed: Error during WebSocket handshake: Unexpected response code: 404 @ webpack-internal:///(app-pages-browser)/./node_modules/next/dist/client/dev/hot-reloader/app/web-socket.js:55
[ 1585000ms] [ERROR] WebSocket connection to 'ws://nbrs-fe.test/_next/webpack-hmr?id=PJDRwjf5cMv0k-csThoZN' failed: Error during WebSocket handshake: Unexpected response code: 404 @ webpack-internal:///(app-pages-browser)/./node_modules/next/dist/client/dev/hot-reloader/app/web-socket.js:55
[ 1591776ms] [ERROR] WebSocket connection to 'ws://nbrs-fe.test/_next/webpack-hmr?id=PJDRwjf5cMv0k-csThoZN' failed: Error during WebSocket handshake: Unexpected response code: 404 @ webpack-internal:///(app-pages-browser)/./node_modules/next/dist/client/dev/hot-reloader/app/web-socket.js:55
[ 1593017ms] [INFO] %cDownload the React DevTools for a better development experience: https://react.dev/link/react-devtools font-weight:bold @ webpack-internal:///(app-pages-browser)/./node_modules/next/dist/next-devtools/shared/forward-logs-shared.js:27
[ 1597038ms] [ERROR] WebSocket connection to 'ws://nbrs-fe.test/_next/webpack-hmr?id=xgfqcAseKZDk9E_pECn0E' failed: Error during WebSocket handshake: Unexpected response code: 404 @ webpack-internal:///(app-pages-browser)/./node_modules/next/dist/client/dev/hot-reloader/app/web-socket.js:55
[ 1601047ms] [ERROR] WebSocket connection to 'ws://nbrs-fe.test/_next/webpack-hmr?id=xgfqcAseKZDk9E_pECn0E' failed: Error during WebSocket handshake: Unexpected response code: 404 @ webpack-internal:///(app-pages-browser)/./node_modules/next/dist/client/dev/hot-reloader/app/web-socket.js:55
[ 1606108ms] [ERROR] WebSocket connection to 'ws://nbrs-fe.test/_next/webpack-hmr?id=xgfqcAseKZDk9E_pECn0E' failed: Error during WebSocket handshake: Unexpected response code: 404 @ webpack-internal:///(app-pages-browser)/./node_modules/next/dist/client/dev/hot-reloader/app/web-socket.js:55
[ 1610328ms] [ERROR] WebSocket connection to 'ws://nbrs-fe.test/_next/webpack-hmr?id=xgfqcAseKZDk9E_pECn0E' failed: Error during WebSocket handshake: Unexpected response code: 404 @ webpack-internal:///(app-pages-browser)/./node_modules/next/dist/client/dev/hot-reloader/app/web-socket.js:55
[ 1612814ms] [ERROR] WebSocket connection to 'ws://nbrs-fe.test/_next/webpack-hmr?id=xgfqcAseKZDk9E_pECn0E' failed: Error during WebSocket handshake: Unexpected response code: 404 @ webpack-internal:///(app-pages-browser)/./node_modules/next/dist/client/dev/hot-reloader/app/web-socket.js:55
[ 1617660ms] [ERROR] WebSocket connection to 'ws://nbrs-fe.test/_next/webpack-hmr?id=xgfqcAseKZDk9E_pECn0E' failed: Error during WebSocket handshake: Unexpected response code: 404 @ webpack-internal:///(app-pages-browser)/./node_modules/next/dist/client/dev/hot-reloader/app/web-socket.js:55
[ 1624750ms] [ERROR] WebSocket connection to 'ws://nbrs-fe.test/_next/webpack-hmr?id=xgfqcAseKZDk9E_pECn0E' failed: Error during WebSocket handshake: Unexpected response code: 404 @ webpack-internal:///(app-pages-browser)/./node_modules/next/dist/client/dev/hot-reloader/app/web-socket.js:55
[ 1632279ms] [ERROR] WebSocket connection to 'ws://nbrs-fe.test/_next/webpack-hmr?id=xgfqcAseKZDk9E_pECn0E' failed: Error during WebSocket handshake: Unexpected response code: 404 @ webpack-internal:///(app-pages-browser)/./node_modules/next/dist/client/dev/hot-reloader/app/web-socket.js:55
[ 1641964ms] [ERROR] WebSocket connection to 'ws://nbrs-fe.test/_next/webpack-hmr?id=xgfqcAseKZDk9E_pECn0E' failed: Error during WebSocket handshake: Unexpected response code: 404 @ webpack-internal:///(app-pages-browser)/./node_modules/next/dist/client/dev/hot-reloader/app/web-socket.js:55
[ 1648585ms] [ERROR] WebSocket connection to 'ws://nbrs-fe.test/_next/webpack-hmr?id=xgfqcAseKZDk9E_pECn0E' failed: Error during WebSocket handshake: Unexpected response code: 404 @ webpack-internal:///(app-pages-browser)/./node_modules/next/dist/client/dev/hot-reloader/app/web-socket.js:55
[ 1657354ms] [ERROR] WebSocket connection to 'ws://nbrs-fe.test/_next/webpack-hmr?id=xgfqcAseKZDk9E_pECn0E' failed: Error during WebSocket handshake: Unexpected response code: 404 @ webpack-internal:///(app-pages-browser)/./node_modules/next/dist/client/dev/hot-reloader/app/web-socket.js:55
[ 1666364ms] [ERROR] WebSocket connection to 'ws://nbrs-fe.test/_next/webpack-hmr?id=xgfqcAseKZDk9E_pECn0E' failed: Error during WebSocket handshake: Unexpected response code: 404 @ webpack-internal:///(app-pages-browser)/./node_modules/next/dist/client/dev/hot-reloader/app/web-socket.js:55
[ 1675519ms] [ERROR] WebSocket connection to 'ws://nbrs-fe.test/_next/webpack-hmr?id=xgfqcAseKZDk9E_pECn0E' failed: Error during WebSocket handshake: Unexpected response code: 404 @ webpack-internal:///(app-pages-browser)/./node_modules/next/dist/client/dev/hot-reloader/app/web-socket.js:55
[ 1676724ms] [INFO] %cDownload the React DevTools for a better development experience: https://react.dev/link/react-devtools font-weight:bold @ webpack-internal:///(app-pages-browser)/./node_modules/next/dist/next-devtools/shared/forward-logs-shared.js:27
[ 1678734ms] [ERROR] WebSocket connection to 'ws://nbrs-fe.test/_next/webpack-hmr?id=mvy4Ul6MHhvczUUEQcM85' failed: Error during WebSocket handshake: Unexpected response code: 404 @ webpack-internal:///(app-pages-browser)/./node_modules/next/dist/client/dev/hot-reloader/app/web-socket.js:55
[ 1683652ms] [ERROR] WebSocket connection to 'ws://nbrs-fe.test/_next/webpack-hmr?id=mvy4Ul6MHhvczUUEQcM85' failed: Error during WebSocket handshake: Unexpected response code: 404 @ webpack-internal:///(app-pages-browser)/./node_modules/next/dist/client/dev/hot-reloader/app/web-socket.js:55
[ 1686405ms] [ERROR] WebSocket connection to 'ws://nbrs-fe.test/_next/webpack-hmr?id=mvy4Ul6MHhvczUUEQcM85' failed: Error during WebSocket handshake: Unexpected response code: 404 @ webpack-internal:///(app-pages-browser)/./node_modules/next/dist/client/dev/hot-reloader/app/web-socket.js:55
[ 1689431ms] [ERROR] WebSocket connection to 'ws://nbrs-fe.test/_next/webpack-hmr?id=mvy4Ul6MHhvczUUEQcM85' failed: Error during WebSocket handshake: Unexpected response code: 404 @ webpack-internal:///(app-pages-browser)/./node_modules/next/dist/client/dev/hot-reloader/app/web-socket.js:55
[ 1692114ms] [ERROR] WebSocket connection to 'ws://nbrs-fe.test/_next/webpack-hmr?id=mvy4Ul6MHhvczUUEQcM85' failed: Error during WebSocket handshake: Unexpected response code: 404 @ webpack-internal:///(app-pages-browser)/./node_modules/next/dist/client/dev/hot-reloader/app/web-socket.js:55
[ 1695774ms] [ERROR] WebSocket connection to 'ws://nbrs-fe.test/_next/webpack-hmr?id=mvy4Ul6MHhvczUUEQcM85' failed: Error during WebSocket handshake: Unexpected response code: 404 @ webpack-internal:///(app-pages-browser)/./node_modules/next/dist/client/dev/hot-reloader/app/web-socket.js:55
[ 1704196ms] [ERROR] WebSocket connection to 'ws://nbrs-fe.test/_next/webpack-hmr?id=mvy4Ul6MHhvczUUEQcM85' failed: Error during WebSocket handshake: Unexpected response code: 404 @ webpack-internal:///(app-pages-browser)/./node_modules/next/dist/client/dev/hot-reloader/app/web-socket.js:55
[ 1713616ms] [ERROR] WebSocket connection to 'ws://nbrs-fe.test/_next/webpack-hmr?id=mvy4Ul6MHhvczUUEQcM85' failed: Error during WebSocket handshake: Unexpected response code: 404 @ webpack-internal:///(app-pages-browser)/./node_modules/next/dist/client/dev/hot-reloader/app/web-socket.js:55
[ 1723067ms] [ERROR] WebSocket connection to 'ws://nbrs-fe.test/_next/webpack-hmr?id=mvy4Ul6MHhvczUUEQcM85' failed: Error during WebSocket handshake: Unexpected response code: 404 @ webpack-internal:///(app-pages-browser)/./node_modules/next/dist/client/dev/hot-reloader/app/web-socket.js:55
[ 1731488ms] [ERROR] WebSocket connection to 'ws://nbrs-fe.test/_next/webpack-hmr?id=mvy4Ul6MHhvczUUEQcM85' failed: Error during WebSocket handshake: Unexpected response code: 404 @ webpack-internal:///(app-pages-browser)/./node_modules/next/dist/client/dev/hot-reloader/app/web-socket.js:55
[ 1740890ms] [ERROR] WebSocket connection to 'ws://nbrs-fe.test/_next/webpack-hmr?id=mvy4Ul6MHhvczUUEQcM85' failed: Error during WebSocket handshake: Unexpected response code: 404 @ webpack-internal:///(app-pages-browser)/./node_modules/next/dist/client/dev/hot-reloader/app/web-socket.js:55
[ 1748823ms] [ERROR] WebSocket connection to 'ws://nbrs-fe.test/_next/webpack-hmr?id=mvy4Ul6MHhvczUUEQcM85' failed: Error during WebSocket handshake: Unexpected response code: 404 @ webpack-internal:///(app-pages-browser)/./node_modules/next/dist/client/dev/hot-reloader/app/web-socket.js:55
[ 1758782ms] [ERROR] WebSocket connection to 'ws://nbrs-fe.test/_next/webpack-hmr?id=mvy4Ul6MHhvczUUEQcM85' failed: Error during WebSocket handshake: Unexpected response code: 404 @ webpack-internal:///(app-pages-browser)/./node_modules/next/dist/client/dev/hot-reloader/app/web-socket.js:55
[ 1760646ms] [INFO] %cDownload the React DevTools for a better development experience: https://react.dev/link/react-devtools font-weight:bold @ webpack-internal:///(app-pages-browser)/./node_modules/next/dist/next-devtools/shared/forward-logs-shared.js:27
[ 1763551ms] [ERROR] WebSocket connection to 'ws://nbrs-fe.test/_next/webpack-hmr?id=JA1kMhFq-X8q_ux9EwIf9' failed: Error during WebSocket handshake: Unexpected response code: 404 @ webpack-internal:///(app-pages-browser)/./node_modules/next/dist/client/dev/hot-reloader/app/web-socket.js:55
[ 1766026ms] [ERROR] WebSocket connection to 'ws://nbrs-fe.test/_next/webpack-hmr?id=JA1kMhFq-X8q_ux9EwIf9' failed: Error during WebSocket handshake: Unexpected response code: 404 @ webpack-internal:///(app-pages-browser)/./node_modules/next/dist/client/dev/hot-reloader/app/web-socket.js:55
[ 1769884ms] [ERROR] WebSocket connection to 'ws://nbrs-fe.test/_next/webpack-hmr?id=JA1kMhFq-X8q_ux9EwIf9' failed: Error during WebSocket handshake: Unexpected response code: 404 @ webpack-internal:///(app-pages-browser)/./node_modules/next/dist/client/dev/hot-reloader/app/web-socket.js:55
[ 1773042ms] [ERROR] WebSocket connection to 'ws://nbrs-fe.test/_next/webpack-hmr?id=JA1kMhFq-X8q_ux9EwIf9' failed: Error during WebSocket handshake: Unexpected response code: 404 @ webpack-internal:///(app-pages-browser)/./node_modules/next/dist/client/dev/hot-reloader/app/web-socket.js:55
[ 1778067ms] [ERROR] WebSocket connection to 'ws://nbrs-fe.test/_next/webpack-hmr?id=JA1kMhFq-X8q_ux9EwIf9' failed: Error during WebSocket handshake: Unexpected response code: 404 @ webpack-internal:///(app-pages-browser)/./node_modules/next/dist/client/dev/hot-reloader/app/web-socket.js:55
[ 1784014ms] [ERROR] WebSocket connection to 'ws://nbrs-fe.test/_next/webpack-hmr?id=JA1kMhFq-X8q_ux9EwIf9' failed: Error during WebSocket handshake: Unexpected response code: 404 @ webpack-internal:///(app-pages-browser)/./node_modules/next/dist/client/dev/hot-reloader/app/web-socket.js:55
[ 1793741ms] [ERROR] WebSocket connection to 'ws://nbrs-fe.test/_next/webpack-hmr?id=JA1kMhFq-X8q_ux9EwIf9' failed: Error during WebSocket handshake: Unexpected response code: 404 @ webpack-internal:///(app-pages-browser)/./node_modules/next/dist/client/dev/hot-reloader/app/web-socket.js:55
[ 1803648ms] [ERROR] WebSocket connection to 'ws://nbrs-fe.test/_next/webpack-hmr?id=JA1kMhFq-X8q_ux9EwIf9' failed: Error during WebSocket handshake: Unexpected response code: 404 @ webpack-internal:///(app-pages-browser)/./node_modules/next/dist/client/dev/hot-reloader/app/web-socket.js:55
[ 1809914ms] [ERROR] WebSocket connection to 'ws://nbrs-fe.test/_next/webpack-hmr?id=JA1kMhFq-X8q_ux9EwIf9' failed: Error during WebSocket handshake: Unexpected response code: 404 @ webpack-internal:///(app-pages-browser)/./node_modules/next/dist/client/dev/hot-reloader/app/web-socket.js:55
[ 1818956ms] [ERROR] WebSocket connection to 'ws://nbrs-fe.test/_next/webpack-hmr?id=JA1kMhFq-X8q_ux9EwIf9' failed: Error during WebSocket handshake: Unexpected response code: 404 @ webpack-internal:///(app-pages-browser)/./node_modules/next/dist/client/dev/hot-reloader/app/web-socket.js:55
[ 1824024ms] [ERROR] WebSocket connection to 'ws://nbrs-fe.test/_next/webpack-hmr?id=JA1kMhFq-X8q_ux9EwIf9' failed: Error during WebSocket handshake: Unexpected response code: 404 @ webpack-internal:///(app-pages-browser)/./node_modules/next/dist/client/dev/hot-reloader/app/web-socket.js:55
[ 1829085ms] [ERROR] WebSocket connection to 'ws://nbrs-fe.test/_next/webpack-hmr?id=JA1kMhFq-X8q_ux9EwIf9' failed: Error during WebSocket handshake: Unexpected response code: 404 @ webpack-internal:///(app-pages-browser)/./node_modules/next/dist/client/dev/hot-reloader/app/web-socket.js:55
[ 1834151ms] [ERROR] WebSocket connection to 'ws://nbrs-fe.test/_next/webpack-hmr?id=JA1kMhFq-X8q_ux9EwIf9' failed: Error during WebSocket handshake: Unexpected response code: 404 @ webpack-internal:///(app-pages-browser)/./node_modules/next/dist/client/dev/hot-reloader/app/web-socket.js:55
[ 1835719ms] [INFO] %cDownload the React DevTools for a better development experience: https://react.dev/link/react-devtools font-weight:bold @ webpack-internal:///(app-pages-browser)/./node_modules/next/dist/next-devtools/shared/forward-logs-shared.js:27
[ 1836828ms] [ERROR] WebSocket connection to 'ws://nbrs-fe.test/_next/webpack-hmr?id=J5OEFx7q0zKVbPZQb5mbW' failed: Error during WebSocket handshake: Unexpected response code: 404 @ webpack-internal:///(app-pages-browser)/./node_modules/next/dist/client/dev/hot-reloader/app/web-socket.js:55
[ 1837886ms] [ERROR] WebSocket connection to 'ws://nbrs-fe.test/_next/webpack-hmr?id=J5OEFx7q0zKVbPZQb5mbW' failed: Error during WebSocket handshake: Unexpected response code: 404 @ webpack-internal:///(app-pages-browser)/./node_modules/next/dist/client/dev/hot-reloader/app/web-socket.js:55
[ 1838974ms] [ERROR] WebSocket connection to 'ws://nbrs-fe.test/_next/webpack-hmr?id=J5OEFx7q0zKVbPZQb5mbW' failed: Error during WebSocket handshake: Unexpected response code: 404 @ webpack-internal:///(app-pages-browser)/./node_modules/next/dist/client/dev/hot-reloader/app/web-socket.js:55
[ 1840065ms] [ERROR] WebSocket connection to 'ws://nbrs-fe.test/_next/webpack-hmr?id=J5OEFx7q0zKVbPZQb5mbW' failed: Error during WebSocket handshake: Unexpected response code: 404 @ webpack-internal:///(app-pages-browser)/./node_modules/next/dist/client/dev/hot-reloader/app/web-socket.js:55
[ 1841140ms] [ERROR] WebSocket connection to 'ws://nbrs-fe.test/_next/webpack-hmr?id=J5OEFx7q0zKVbPZQb5mbW' failed: Error during WebSocket handshake: Unexpected response code: 404 @ webpack-internal:///(app-pages-browser)/./node_modules/next/dist/client/dev/hot-reloader/app/web-socket.js:55
[ 1842235ms] [ERROR] WebSocket connection to 'ws://nbrs-fe.test/_next/webpack-hmr?id=J5OEFx7q0zKVbPZQb5mbW' failed: Error during WebSocket handshake: Unexpected response code: 404 @ webpack-internal:///(app-pages-browser)/./node_modules/next/dist/client/dev/hot-reloader/app/web-socket.js:55
[ 1847341ms] [ERROR] WebSocket connection to 'ws://nbrs-fe.test/_next/webpack-hmr?id=J5OEFx7q0zKVbPZQb5mbW' failed: Error during WebSocket handshake: Unexpected response code: 404 @ webpack-internal:///(app-pages-browser)/./node_modules/next/dist/client/dev/hot-reloader/app/web-socket.js:55
[ 1852459ms] [ERROR] WebSocket connection to 'ws://nbrs-fe.test/_next/webpack-hmr?id=J5OEFx7q0zKVbPZQb5mbW' failed: Error during WebSocket handshake: Unexpected response code: 404 @ webpack-internal:///(app-pages-browser)/./node_modules/next/dist/client/dev/hot-reloader/app/web-socket.js:55
[ 1857624ms] [ERROR] WebSocket connection to 'ws://nbrs-fe.test/_next/webpack-hmr?id=J5OEFx7q0zKVbPZQb5mbW' failed: Error during WebSocket handshake: Unexpected response code: 404 @ webpack-internal:///(app-pages-browser)/./node_modules/next/dist/client/dev/hot-reloader/app/web-socket.js:55
[ 1862901ms] [ERROR] WebSocket connection to 'ws://nbrs-fe.test/_next/webpack-hmr?id=J5OEFx7q0zKVbPZQb5mbW' failed: Error during WebSocket handshake: Unexpected response code: 404 @ webpack-internal:///(app-pages-browser)/./node_modules/next/dist/client/dev/hot-reloader/app/web-socket.js:55
[ 1868310ms] [ERROR] WebSocket connection to 'ws://nbrs-fe.test/_next/webpack-hmr?id=J5OEFx7q0zKVbPZQb5mbW' failed: Error during WebSocket handshake: Unexpected response code: 404 @ webpack-internal:///(app-pages-browser)/./node_modules/next/dist/client/dev/hot-reloader/app/web-socket.js:55
[ 1873760ms] [ERROR] WebSocket connection to 'ws://nbrs-fe.test/_next/webpack-hmr?id=J5OEFx7q0zKVbPZQb5mbW' failed: Error during WebSocket handshake: Unexpected response code: 404 @ webpack-internal:///(app-pages-browser)/./node_modules/next/dist/client/dev/hot-reloader/app/web-socket.js:55
[ 1880811ms] [ERROR] WebSocket connection to 'ws://nbrs-fe.test/_next/webpack-hmr?id=J5OEFx7q0zKVbPZQb5mbW' failed: Error during WebSocket handshake: Unexpected response code: 404 @ webpack-internal:///(app-pages-browser)/./node_modules/next/dist/client/dev/hot-reloader/app/web-socket.js:55
[ 1882474ms] [INFO] %cDownload the React DevTools for a better development experience: https://react.dev/link/react-devtools font-weight:bold @ webpack-internal:///(app-pages-browser)/./node_modules/next/dist/next-devtools/shared/forward-logs-shared.js:27
[ 1887349ms] [ERROR] WebSocket connection to 'ws://nbrs-fe.test/_next/webpack-hmr?id=thdpxdUByXMHa9hpxQHKT' failed: Error during WebSocket handshake: Unexpected response code: 404 @ webpack-internal:///(app-pages-browser)/./node_modules/next/dist/client/dev/hot-reloader/app/web-socket.js:55
[ 1889439ms] [ERROR] WebSocket connection to 'ws://nbrs-fe.test/_next/webpack-hmr?id=thdpxdUByXMHa9hpxQHKT' failed: Error during WebSocket handshake: Unexpected response code: 404 @ webpack-internal:///(app-pages-browser)/./node_modules/next/dist/client/dev/hot-reloader/app/web-socket.js:55
[ 1895318ms] [ERROR] WebSocket connection to 'ws://nbrs-fe.test/_next/webpack-hmr?id=thdpxdUByXMHa9hpxQHKT' failed: Error during WebSocket handshake: Unexpected response code: 404 @ webpack-internal:///(app-pages-browser)/./node_modules/next/dist/client/dev/hot-reloader/app/web-socket.js:55
[ 1900989ms] [ERROR] WebSocket connection to 'ws://nbrs-fe.test/_next/webpack-hmr?id=thdpxdUByXMHa9hpxQHKT' failed: Error during WebSocket handshake: Unexpected response code: 404 @ webpack-internal:///(app-pages-browser)/./node_modules/next/dist/client/dev/hot-reloader/app/web-socket.js:55
[ 1903898ms] [ERROR] WebSocket connection to 'ws://nbrs-fe.test/_next/webpack-hmr?id=thdpxdUByXMHa9hpxQHKT' failed: Error during WebSocket handshake: Unexpected response code: 404 @ webpack-internal:///(app-pages-browser)/./node_modules/next/dist/client/dev/hot-reloader/app/web-socket.js:55
[ 1907863ms] [ERROR] WebSocket connection to 'ws://nbrs-fe.test/_next/webpack-hmr?id=thdpxdUByXMHa9hpxQHKT' failed: Error during WebSocket handshake: Unexpected response code: 404 @ webpack-internal:///(app-pages-browser)/./node_modules/next/dist/client/dev/hot-reloader/app/web-socket.js:55
[ 1914574ms] [ERROR] WebSocket connection to 'ws://nbrs-fe.test/_next/webpack-hmr?id=thdpxdUByXMHa9hpxQHKT' failed: Error during WebSocket handshake: Unexpected response code: 404 @ webpack-internal:///(app-pages-browser)/./node_modules/next/dist/client/dev/hot-reloader/app/web-socket.js:55
[ 1921999ms] [ERROR] WebSocket connection to 'ws://nbrs-fe.test/_next/webpack-hmr?id=thdpxdUByXMHa9hpxQHKT' failed: Error during WebSocket handshake: Unexpected response code: 404 @ webpack-internal:///(app-pages-browser)/./node_modules/next/dist/client/dev/hot-reloader/app/web-socket.js:55
[ 1930571ms] [ERROR] WebSocket connection to 'ws://nbrs-fe.test/_next/webpack-hmr?id=thdpxdUByXMHa9hpxQHKT' failed: Error during WebSocket handshake: Unexpected response code: 404 @ webpack-internal:///(app-pages-browser)/./node_modules/next/dist/client/dev/hot-reloader/app/web-socket.js:55
[ 1940028ms] [ERROR] WebSocket connection to 'ws://nbrs-fe.test/_next/webpack-hmr?id=thdpxdUByXMHa9hpxQHKT' failed: Error during WebSocket handshake: Unexpected response code: 404 @ webpack-internal:///(app-pages-browser)/./node_modules/next/dist/client/dev/hot-reloader/app/web-socket.js:55
[ 1945093ms] [ERROR] WebSocket connection to 'ws://nbrs-fe.test/_next/webpack-hmr?id=thdpxdUByXMHa9hpxQHKT' failed: Error during WebSocket handshake: Unexpected response code: 404 @ webpack-internal:///(app-pages-browser)/./node_modules/next/dist/client/dev/hot-reloader/app/web-socket.js:55
[ 1950167ms] [ERROR] WebSocket connection to 'ws://nbrs-fe.test/_next/webpack-hmr?id=thdpxdUByXMHa9hpxQHKT' failed: Error during WebSocket handshake: Unexpected response code: 404 @ webpack-internal:///(app-pages-browser)/./node_modules/next/dist/client/dev/hot-reloader/app/web-socket.js:55
[ 1955232ms] [ERROR] WebSocket connection to 'ws://nbrs-fe.test/_next/webpack-hmr?id=thdpxdUByXMHa9hpxQHKT' failed: Error during WebSocket handshake: Unexpected response code: 404 @ webpack-internal:///(app-pages-browser)/./node_modules/next/dist/client/dev/hot-reloader/app/web-socket.js:55
[ 1956528ms] [INFO] %cDownload the React DevTools for a better development experience: https://react.dev/link/react-devtools font-weight:bold @ webpack-internal:///(app-pages-browser)/./node_modules/next/dist/next-devtools/shared/forward-logs-shared.js:27
[ 1957439ms] [ERROR] WebSocket connection to 'ws://nbrs-fe.test/_next/webpack-hmr?id=OHVAXeFEu8x4tA0l5m0b-' failed: Error during WebSocket handshake: Unexpected response code: 404 @ webpack-internal:///(app-pages-browser)/./node_modules/next/dist/client/dev/hot-reloader/app/web-socket.js:55
[ 1958498ms] [ERROR] WebSocket connection to 'ws://nbrs-fe.test/_next/webpack-hmr?id=OHVAXeFEu8x4tA0l5m0b-' failed: Error during WebSocket handshake: Unexpected response code: 404 @ webpack-internal:///(app-pages-browser)/./node_modules/next/dist/client/dev/hot-reloader/app/web-socket.js:55
[ 1959568ms] [ERROR] WebSocket connection to 'ws://nbrs-fe.test/_next/webpack-hmr?id=OHVAXeFEu8x4tA0l5m0b-' failed: Error during WebSocket handshake: Unexpected response code: 404 @ webpack-internal:///(app-pages-browser)/./node_modules/next/dist/client/dev/hot-reloader/app/web-socket.js:55
[ 1960654ms] [ERROR] WebSocket connection to 'ws://nbrs-fe.test/_next/webpack-hmr?id=OHVAXeFEu8x4tA0l5m0b-' failed: Error during WebSocket handshake: Unexpected response code: 404 @ webpack-internal:///(app-pages-browser)/./node_modules/next/dist/client/dev/hot-reloader/app/web-socket.js:55
[ 1961723ms] [ERROR] WebSocket connection to 'ws://nbrs-fe.test/_next/webpack-hmr?id=OHVAXeFEu8x4tA0l5m0b-' failed: Error during WebSocket handshake: Unexpected response code: 404 @ webpack-internal:///(app-pages-browser)/./node_modules/next/dist/client/dev/hot-reloader/app/web-socket.js:55
[ 1962804ms] [ERROR] WebSocket connection to 'ws://nbrs-fe.test/_next/webpack-hmr?id=OHVAXeFEu8x4tA0l5m0b-' failed: Error during WebSocket handshake: Unexpected response code: 404 @ webpack-internal:///(app-pages-browser)/./node_modules/next/dist/client/dev/hot-reloader/app/web-socket.js:55
[ 1967887ms] [ERROR] WebSocket connection to 'ws://nbrs-fe.test/_next/webpack-hmr?id=OHVAXeFEu8x4tA0l5m0b-' failed: Error during WebSocket handshake: Unexpected response code: 404 @ webpack-internal:///(app-pages-browser)/./node_modules/next/dist/client/dev/hot-reloader/app/web-socket.js:55
[ 1972978ms] [ERROR] WebSocket connection to 'ws://nbrs-fe.test/_next/webpack-hmr?id=OHVAXeFEu8x4tA0l5m0b-' failed: Error during WebSocket handshake: Unexpected response code: 404 @ webpack-internal:///(app-pages-browser)/./node_modules/next/dist/client/dev/hot-reloader/app/web-socket.js:55
[ 1978166ms] [ERROR] WebSocket connection to 'ws://nbrs-fe.test/_next/webpack-hmr?id=OHVAXeFEu8x4tA0l5m0b-' failed: Error during WebSocket handshake: Unexpected response code: 404 @ webpack-internal:///(app-pages-browser)/./node_modules/next/dist/client/dev/hot-reloader/app/web-socket.js:55
[ 1983601ms] [ERROR] WebSocket connection to 'ws://nbrs-fe.test/_next/webpack-hmr?id=OHVAXeFEu8x4tA0l5m0b-' failed: Error during WebSocket handshake: Unexpected response code: 404 @ webpack-internal:///(app-pages-browser)/./node_modules/next/dist/client/dev/hot-reloader/app/web-socket.js:55
[ 1988897ms] [ERROR] WebSocket connection to 'ws://nbrs-fe.test/_next/webpack-hmr?id=OHVAXeFEu8x4tA0l5m0b-' failed: Error during WebSocket handshake: Unexpected response code: 404 @ webpack-internal:///(app-pages-browser)/./node_modules/next/dist/client/dev/hot-reloader/app/web-socket.js:55
[ 1994417ms] [ERROR] WebSocket connection to 'ws://nbrs-fe.test/_next/webpack-hmr?id=OHVAXeFEu8x4tA0l5m0b-' failed: Error during WebSocket handshake: Unexpected response code: 404 @ webpack-internal:///(app-pages-browser)/./node_modules/next/dist/client/dev/hot-reloader/app/web-socket.js:55
[ 2001042ms] [ERROR] WebSocket connection to 'ws://nbrs-fe.test/_next/webpack-hmr?id=OHVAXeFEu8x4tA0l5m0b-' failed: Error during WebSocket handshake: Unexpected response code: 404 @ webpack-internal:///(app-pages-browser)/./node_modules/next/dist/client/dev/hot-reloader/app/web-socket.js:55
[ 2002515ms] [INFO] %cDownload the React DevTools for a better development experience: https://react.dev/link/react-devtools font-weight:bold @ webpack-internal:///(app-pages-browser)/./node_modules/next/dist/next-devtools/shared/forward-logs-shared.js:27
[ 2005669ms] [ERROR] WebSocket connection to 'ws://nbrs-fe.test/_next/webpack-hmr?id=ZAf3KQH2dhv3okeH1_Mjf' failed: Error during WebSocket handshake: Unexpected response code: 404 @ webpack-internal:///(app-pages-browser)/./node_modules/next/dist/client/dev/hot-reloader/app/web-socket.js:55
[ 2008280ms] [ERROR] WebSocket connection to 'ws://nbrs-fe.test/_next/webpack-hmr?id=ZAf3KQH2dhv3okeH1_Mjf' failed: Error during WebSocket handshake: Unexpected response code: 404 @ webpack-internal:///(app-pages-browser)/./node_modules/next/dist/client/dev/hot-reloader/app/web-socket.js:55
[ 2011516ms] [ERROR] WebSocket connection to 'ws://nbrs-fe.test/_next/webpack-hmr?id=ZAf3KQH2dhv3okeH1_Mjf' failed: Error during WebSocket handshake: Unexpected response code: 404 @ webpack-internal:///(app-pages-browser)/./node_modules/next/dist/client/dev/hot-reloader/app/web-socket.js:55
[ 2014906ms] [ERROR] WebSocket connection to 'ws://nbrs-fe.test/_next/webpack-hmr?id=ZAf3KQH2dhv3okeH1_Mjf' failed: Error during WebSocket handshake: Unexpected response code: 404 @ webpack-internal:///(app-pages-browser)/./node_modules/next/dist/client/dev/hot-reloader/app/web-socket.js:55
[ 2019961ms] [ERROR] WebSocket connection to 'ws://nbrs-fe.test/_next/webpack-hmr?id=ZAf3KQH2dhv3okeH1_Mjf' failed: Error during WebSocket handshake: Unexpected response code: 404 @ webpack-internal:///(app-pages-browser)/./node_modules/next/dist/client/dev/hot-reloader/app/web-socket.js:55
[ 2023409ms] [ERROR] WebSocket connection to 'ws://nbrs-fe.test/_next/webpack-hmr?id=ZAf3KQH2dhv3okeH1_Mjf' failed: Error during WebSocket handshake: Unexpected response code: 404 @ webpack-internal:///(app-pages-browser)/./node_modules/next/dist/client/dev/hot-reloader/app/web-socket.js:55
[ 2029516ms] [ERROR] WebSocket connection to 'ws://nbrs-fe.test/_next/webpack-hmr?id=ZAf3KQH2dhv3okeH1_Mjf' failed: Error during WebSocket handshake: Unexpected response code: 404 @ webpack-internal:///(app-pages-browser)/./node_modules/next/dist/client/dev/hot-reloader/app/web-socket.js:55
[ 2039317ms] [ERROR] WebSocket connection to 'ws://nbrs-fe.test/_next/webpack-hmr?id=ZAf3KQH2dhv3okeH1_Mjf' failed: Error during WebSocket handshake: Unexpected response code: 404 @ webpack-internal:///(app-pages-browser)/./node_modules/next/dist/client/dev/hot-reloader/app/web-socket.js:55
[ 2049144ms] [ERROR] WebSocket connection to 'ws://nbrs-fe.test/_next/webpack-hmr?id=ZAf3KQH2dhv3okeH1_Mjf' failed: Error during WebSocket handshake: Unexpected response code: 404 @ webpack-internal:///(app-pages-browser)/./node_modules/next/dist/client/dev/hot-reloader/app/web-socket.js:55
[ 2057974ms] [ERROR] WebSocket connection to 'ws://nbrs-fe.test/_next/webpack-hmr?id=ZAf3KQH2dhv3okeH1_Mjf' failed: Error during WebSocket handshake: Unexpected response code: 404 @ webpack-internal:///(app-pages-browser)/./node_modules/next/dist/client/dev/hot-reloader/app/web-socket.js:55
[ 2064157ms] [ERROR] WebSocket connection to 'ws://nbrs-fe.test/_next/webpack-hmr?id=ZAf3KQH2dhv3okeH1_Mjf' failed: Error during WebSocket handshake: Unexpected response code: 404 @ webpack-internal:///(app-pages-browser)/./node_modules/next/dist/client/dev/hot-reloader/app/web-socket.js:55
[ 2069249ms] [ERROR] WebSocket connection to 'ws://nbrs-fe.test/_next/webpack-hmr?id=ZAf3KQH2dhv3okeH1_Mjf' failed: Error during WebSocket handshake: Unexpected response code: 404 @ webpack-internal:///(app-pages-browser)/./node_modules/next/dist/client/dev/hot-reloader/app/web-socket.js:55
[ 2074356ms] [ERROR] WebSocket connection to 'ws://nbrs-fe.test/_next/webpack-hmr?id=ZAf3KQH2dhv3okeH1_Mjf' failed: Error during WebSocket handshake: Unexpected response code: 404 @ webpack-internal:///(app-pages-browser)/./node_modules/next/dist/client/dev/hot-reloader/app/web-socket.js:55
[ 2076041ms] [INFO] %cDownload the React DevTools for a better development experience: https://react.dev/link/react-devtools font-weight:bold @ webpack-internal:///(app-pages-browser)/./node_modules/next/dist/next-devtools/shared/forward-logs-shared.js:27
[ 2076928ms] [ERROR] WebSocket connection to 'ws://nbrs-fe.test/_next/webpack-hmr?id=Rrp8RxKt1_Z44wccLPoBa' failed: Error during WebSocket handshake: Unexpected response code: 404 @ webpack-internal:///(app-pages-browser)/./node_modules/next/dist/client/dev/hot-reloader/app/web-socket.js:55
[ 2078032ms] [ERROR] WebSocket connection to 'ws://nbrs-fe.test/_next/webpack-hmr?id=Rrp8RxKt1_Z44wccLPoBa' failed: Error during WebSocket handshake: Unexpected response code: 404 @ webpack-internal:///(app-pages-browser)/./node_modules/next/dist/client/dev/hot-reloader/app/web-socket.js:55
[ 2079118ms] [ERROR] WebSocket connection to 'ws://nbrs-fe.test/_next/webpack-hmr?id=Rrp8RxKt1_Z44wccLPoBa' failed: Error during WebSocket handshake: Unexpected response code: 404 @ webpack-internal:///(app-pages-browser)/./node_modules/next/dist/client/dev/hot-reloader/app/web-socket.js:55
[ 2080201ms] [ERROR] WebSocket connection to 'ws://nbrs-fe.test/_next/webpack-hmr?id=Rrp8RxKt1_Z44wccLPoBa' failed: Error during WebSocket handshake: Unexpected response code: 404 @ webpack-internal:///(app-pages-browser)/./node_modules/next/dist/client/dev/hot-reloader/app/web-socket.js:55
[ 2081335ms] [ERROR] WebSocket connection to 'ws://nbrs-fe.test/_next/webpack-hmr?id=Rrp8RxKt1_Z44wccLPoBa' failed: Error during WebSocket handshake: Unexpected response code: 404 @ webpack-internal:///(app-pages-browser)/./node_modules/next/dist/client/dev/hot-reloader/app/web-socket.js:55
[ 2082444ms] [ERROR] WebSocket connection to 'ws://nbrs-fe.test/_next/webpack-hmr?id=Rrp8RxKt1_Z44wccLPoBa' failed: Error during WebSocket handshake: Unexpected response code: 404 @ webpack-internal:///(app-pages-browser)/./node_modules/next/dist/client/dev/hot-reloader/app/web-socket.js:55
[ 2087625ms] [ERROR] WebSocket connection to 'ws://nbrs-fe.test/_next/webpack-hmr?id=Rrp8RxKt1_Z44wccLPoBa' failed: Error during WebSocket handshake: Unexpected response code: 404 @ webpack-internal:///(app-pages-browser)/./node_modules/next/dist/client/dev/hot-reloader/app/web-socket.js:55
[ 2092709ms] [ERROR] WebSocket connection to 'ws://nbrs-fe.test/_next/webpack-hmr?id=Rrp8RxKt1_Z44wccLPoBa' failed: Error during WebSocket handshake: Unexpected response code: 404 @ webpack-internal:///(app-pages-browser)/./node_modules/next/dist/client/dev/hot-reloader/app/web-socket.js:55
[ 2097838ms] [ERROR] WebSocket connection to 'ws://nbrs-fe.test/_next/webpack-hmr?id=Rrp8RxKt1_Z44wccLPoBa' failed: Error during WebSocket handshake: Unexpected response code: 404 @ webpack-internal:///(app-pages-browser)/./node_modules/next/dist/client/dev/hot-reloader/app/web-socket.js:55
[ 2102934ms] [ERROR] WebSocket connection to 'ws://nbrs-fe.test/_next/webpack-hmr?id=Rrp8RxKt1_Z44wccLPoBa' failed: Error during WebSocket handshake: Unexpected response code: 404 @ webpack-internal:///(app-pages-browser)/./node_modules/next/dist/client/dev/hot-reloader/app/web-socket.js:55
[ 2108190ms] [ERROR] WebSocket connection to 'ws://nbrs-fe.test/_next/webpack-hmr?id=Rrp8RxKt1_Z44wccLPoBa' failed: Error during WebSocket handshake: Unexpected response code: 404 @ webpack-internal:///(app-pages-browser)/./node_modules/next/dist/client/dev/hot-reloader/app/web-socket.js:55
[ 2113759ms] [ERROR] WebSocket connection to 'ws://nbrs-fe.test/_next/webpack-hmr?id=Rrp8RxKt1_Z44wccLPoBa' failed: Error during WebSocket handshake: Unexpected response code: 404 @ webpack-internal:///(app-pages-browser)/./node_modules/next/dist/client/dev/hot-reloader/app/web-socket.js:55
[ 2119374ms] [ERROR] WebSocket connection to 'ws://nbrs-fe.test/_next/webpack-hmr?id=Rrp8RxKt1_Z44wccLPoBa' failed: Error during WebSocket handshake: Unexpected response code: 404 @ webpack-internal:///(app-pages-browser)/./node_modules/next/dist/client/dev/hot-reloader/app/web-socket.js:55
[ 2122925ms] [INFO] %cDownload the React DevTools for a better development experience: https://react.dev/link/react-devtools font-weight:bold @ webpack-internal:///(app-pages-browser)/./node_modules/next/dist/next-devtools/shared/forward-logs-shared.js:27
[ 2123801ms] [ERROR] WebSocket connection to 'ws://nbrs-fe.test/_next/webpack-hmr?id=qevQNKVA8JG01ChwVbdTC' failed: Error during WebSocket handshake: Unexpected response code: 404 @ webpack-internal:///(app-pages-browser)/./node_modules/next/dist/client/dev/hot-reloader/app/web-socket.js:55
[ 2128786ms] [ERROR] WebSocket connection to 'ws://nbrs-fe.test/_next/webpack-hmr?id=qevQNKVA8JG01ChwVbdTC' failed: Error during WebSocket handshake: Unexpected response code: 404 @ webpack-internal:///(app-pages-browser)/./node_modules/next/dist/client/dev/hot-reloader/app/web-socket.js:55
[ 2134179ms] [ERROR] WebSocket connection to 'ws://nbrs-fe.test/_next/webpack-hmr?id=qevQNKVA8JG01ChwVbdTC' failed: Error during WebSocket handshake: Unexpected response code: 404 @ webpack-internal:///(app-pages-browser)/./node_modules/next/dist/client/dev/hot-reloader/app/web-socket.js:55
[ 2138827ms] [ERROR] WebSocket connection to 'ws://nbrs-fe.test/_next/webpack-hmr?id=qevQNKVA8JG01ChwVbdTC' failed: Error during WebSocket handshake: Unexpected response code: 404 @ webpack-internal:///(app-pages-browser)/./node_modules/next/dist/client/dev/hot-reloader/app/web-socket.js:55
[ 2142315ms] [ERROR] WebSocket connection to 'ws://nbrs-fe.test/_next/webpack-hmr?id=qevQNKVA8JG01ChwVbdTC' failed: Error during WebSocket handshake: Unexpected response code: 404 @ webpack-internal:///(app-pages-browser)/./node_modules/next/dist/client/dev/hot-reloader/app/web-socket.js:55
[ 2146333ms] [ERROR] WebSocket connection to 'ws://nbrs-fe.test/_next/webpack-hmr?id=qevQNKVA8JG01ChwVbdTC' failed: Error during WebSocket handshake: Unexpected response code: 404 @ webpack-internal:///(app-pages-browser)/./node_modules/next/dist/client/dev/hot-reloader/app/web-socket.js:55
[ 2155833ms] [ERROR] WebSocket connection to 'ws://nbrs-fe.test/_next/webpack-hmr?id=qevQNKVA8JG01ChwVbdTC' failed: Error during WebSocket handshake: Unexpected response code: 404 @ webpack-internal:///(app-pages-browser)/./node_modules/next/dist/client/dev/hot-reloader/app/web-socket.js:55
[ 2164197ms] [ERROR] WebSocket connection to 'ws://nbrs-fe.test/_next/webpack-hmr?id=qevQNKVA8JG01ChwVbdTC' failed: Error during WebSocket handshake: Unexpected response code: 404 @ webpack-internal:///(app-pages-browser)/./node_modules/next/dist/client/dev/hot-reloader/app/web-socket.js:55
[ 2173096ms] [ERROR] WebSocket connection to 'ws://nbrs-fe.test/_next/webpack-hmr?id=qevQNKVA8JG01ChwVbdTC' failed: Error during WebSocket handshake: Unexpected response code: 404 @ webpack-internal:///(app-pages-browser)/./node_modules/next/dist/client/dev/hot-reloader/app/web-socket.js:55
[ 2182934ms] [ERROR] WebSocket connection to 'ws://nbrs-fe.test/_next/webpack-hmr?id=qevQNKVA8JG01ChwVbdTC' failed: Error during WebSocket handshake: Unexpected response code: 404 @ webpack-internal:///(app-pages-browser)/./node_modules/next/dist/client/dev/hot-reloader/app/web-socket.js:55
[ 2191247ms] [ERROR] WebSocket connection to 'ws://nbrs-fe.test/_next/webpack-hmr?id=qevQNKVA8JG01ChwVbdTC' failed: Error during WebSocket handshake: Unexpected response code: 404 @ webpack-internal:///(app-pages-browser)/./node_modules/next/dist/client/dev/hot-reloader/app/web-socket.js:55
[ 2199949ms] [ERROR] WebSocket connection to 'ws://nbrs-fe.test/_next/webpack-hmr?id=qevQNKVA8JG01ChwVbdTC' failed: Error during WebSocket handshake: Unexpected response code: 404 @ webpack-internal:///(app-pages-browser)/./node_modules/next/dist/client/dev/hot-reloader/app/web-socket.js:55
[ 2209588ms] [ERROR] WebSocket connection to 'ws://nbrs-fe.test/_next/webpack-hmr?id=qevQNKVA8JG01ChwVbdTC' failed: Error during WebSocket handshake: Unexpected response code: 404 @ webpack-internal:///(app-pages-browser)/./node_modules/next/dist/client/dev/hot-reloader/app/web-socket.js:55
[ 2211334ms] [INFO] %cDownload the React DevTools for a better development experience: https://react.dev/link/react-devtools font-weight:bold @ webpack-internal:///(app-pages-browser)/./node_modules/next/dist/next-devtools/shared/forward-logs-shared.js:27
[ 2214242ms] [ERROR] WebSocket connection to 'ws://nbrs-fe.test/_next/webpack-hmr?id=qddgEKkslwKdDV5aZDArg' failed: Error during WebSocket handshake: Unexpected response code: 404 @ webpack-internal:///(app-pages-browser)/./node_modules/next/dist/client/dev/hot-reloader/app/web-socket.js:55
[ 2218323ms] [ERROR] WebSocket connection to 'ws://nbrs-fe.test/_next/webpack-hmr?id=qddgEKkslwKdDV5aZDArg' failed: Error during WebSocket handshake: Unexpected response code: 404 @ webpack-internal:///(app-pages-browser)/./node_modules/next/dist/client/dev/hot-reloader/app/web-socket.js:55
[ 2221358ms] [ERROR] WebSocket connection to 'ws://nbrs-fe.test/_next/webpack-hmr?id=qddgEKkslwKdDV5aZDArg' failed: Error during WebSocket handshake: Unexpected response code: 404 @ webpack-internal:///(app-pages-browser)/./node_modules/next/dist/client/dev/hot-reloader/app/web-socket.js:55
[ 2227458ms] [ERROR] WebSocket connection to 'ws://nbrs-fe.test/_next/webpack-hmr?id=qddgEKkslwKdDV5aZDArg' failed: Error during WebSocket handshake: Unexpected response code: 404 @ webpack-internal:///(app-pages-browser)/./node_modules/next/dist/client/dev/hot-reloader/app/web-socket.js:55
[ 2233216ms] [ERROR] WebSocket connection to 'ws://nbrs-fe.test/_next/webpack-hmr?id=qddgEKkslwKdDV5aZDArg' failed: Error during WebSocket handshake: Unexpected response code: 404 @ webpack-internal:///(app-pages-browser)/./node_modules/next/dist/client/dev/hot-reloader/app/web-socket.js:55
[ 2235985ms] [ERROR] WebSocket connection to 'ws://nbrs-fe.test/_next/webpack-hmr?id=qddgEKkslwKdDV5aZDArg' failed: Error during WebSocket handshake: Unexpected response code: 404 @ webpack-internal:///(app-pages-browser)/./node_modules/next/dist/client/dev/hot-reloader/app/web-socket.js:55
[ 2244363ms] [ERROR] WebSocket connection to 'ws://nbrs-fe.test/_next/webpack-hmr?id=qddgEKkslwKdDV5aZDArg' failed: Error during WebSocket handshake: Unexpected response code: 404 @ webpack-internal:///(app-pages-browser)/./node_modules/next/dist/client/dev/hot-reloader/app/web-socket.js:55
[ 2252592ms] [ERROR] WebSocket connection to 'ws://nbrs-fe.test/_next/webpack-hmr?id=qddgEKkslwKdDV5aZDArg' failed: Error during WebSocket handshake: Unexpected response code: 404 @ webpack-internal:///(app-pages-browser)/./node_modules/next/dist/client/dev/hot-reloader/app/web-socket.js:55
[ 2262317ms] [ERROR] WebSocket connection to 'ws://nbrs-fe.test/_next/webpack-hmr?id=qddgEKkslwKdDV5aZDArg' failed: Error during WebSocket handshake: Unexpected response code: 404 @ webpack-internal:///(app-pages-browser)/./node_modules/next/dist/client/dev/hot-reloader/app/web-socket.js:55
[ 2269843ms] [ERROR] WebSocket connection to 'ws://nbrs-fe.test/_next/webpack-hmr?id=qddgEKkslwKdDV5aZDArg' failed: Error during WebSocket handshake: Unexpected response code: 404 @ webpack-internal:///(app-pages-browser)/./node_modules/next/dist/client/dev/hot-reloader/app/web-socket.js:55
[ 2279504ms] [ERROR] WebSocket connection to 'ws://nbrs-fe.test/_next/webpack-hmr?id=qddgEKkslwKdDV5aZDArg' failed: Error during WebSocket handshake: Unexpected response code: 404 @ webpack-internal:///(app-pages-browser)/./node_modules/next/dist/client/dev/hot-reloader/app/web-socket.js:55
[ 2286652ms] [ERROR] WebSocket connection to 'ws://nbrs-fe.test/_next/webpack-hmr?id=qddgEKkslwKdDV5aZDArg' failed: Error during WebSocket handshake: Unexpected response code: 404 @ webpack-internal:///(app-pages-browser)/./node_modules/next/dist/client/dev/hot-reloader/app/web-socket.js:55
[ 2294709ms] [ERROR] WebSocket connection to 'ws://nbrs-fe.test/_next/webpack-hmr?id=qddgEKkslwKdDV5aZDArg' failed: Error during WebSocket handshake: Unexpected response code: 404 @ webpack-internal:///(app-pages-browser)/./node_modules/next/dist/client/dev/hot-reloader/app/web-socket.js:55
[ 2297185ms] [INFO] %cDownload the React DevTools for a better development experience: https://react.dev/link/react-devtools font-weight:bold @ webpack-internal:///(app-pages-browser)/./node_modules/next/dist/next-devtools/shared/forward-logs-shared.js:27
[ 2301196ms] [ERROR] WebSocket connection to 'ws://nbrs-fe.test/_next/webpack-hmr?id=lBrCNJEQ5PBXiPieUg10P' failed: Error during WebSocket handshake: Unexpected response code: 404 @ webpack-internal:///(app-pages-browser)/./node_modules/next/dist/client/dev/hot-reloader/app/web-socket.js:55
[ 2305748ms] [ERROR] WebSocket connection to 'ws://nbrs-fe.test/_next/webpack-hmr?id=lBrCNJEQ5PBXiPieUg10P' failed: Error during WebSocket handshake: Unexpected response code: 404 @ webpack-internal:///(app-pages-browser)/./node_modules/next/dist/client/dev/hot-reloader/app/web-socket.js:55
[ 2309470ms] [ERROR] WebSocket connection to 'ws://nbrs-fe.test/_next/webpack-hmr?id=lBrCNJEQ5PBXiPieUg10P' failed: Error during WebSocket handshake: Unexpected response code: 404 @ webpack-internal:///(app-pages-browser)/./node_modules/next/dist/client/dev/hot-reloader/app/web-socket.js:55
[ 2312441ms] [ERROR] WebSocket connection to 'ws://nbrs-fe.test/_next/webpack-hmr?id=lBrCNJEQ5PBXiPieUg10P' failed: Error during WebSocket handshake: Unexpected response code: 404 @ webpack-internal:///(app-pages-browser)/./node_modules/next/dist/client/dev/hot-reloader/app/web-socket.js:55
[ 2316601ms] [ERROR] WebSocket connection to 'ws://nbrs-fe.test/_next/webpack-hmr?id=lBrCNJEQ5PBXiPieUg10P' failed: Error during WebSocket handshake: Unexpected response code: 404 @ webpack-internal:///(app-pages-browser)/./node_modules/next/dist/client/dev/hot-reloader/app/web-socket.js:55
[ 2322521ms] [ERROR] WebSocket connection to 'ws://nbrs-fe.test/_next/webpack-hmr?id=lBrCNJEQ5PBXiPieUg10P' failed: Error during WebSocket handshake: Unexpected response code: 404 @ webpack-internal:///(app-pages-browser)/./node_modules/next/dist/client/dev/hot-reloader/app/web-socket.js:55
[ 2328646ms] [ERROR] WebSocket connection to 'ws://nbrs-fe.test/_next/webpack-hmr?id=lBrCNJEQ5PBXiPieUg10P' failed: Error during WebSocket handshake: Unexpected response code: 404 @ webpack-internal:///(app-pages-browser)/./node_modules/next/dist/client/dev/hot-reloader/app/web-socket.js:55
[ 2337024ms] [ERROR] WebSocket connection to 'ws://nbrs-fe.test/_next/webpack-hmr?id=lBrCNJEQ5PBXiPieUg10P' failed: Error during WebSocket handshake: Unexpected response code: 404 @ webpack-internal:///(app-pages-browser)/./node_modules/next/dist/client/dev/hot-reloader/app/web-socket.js:55
[ 2344109ms] [ERROR] WebSocket connection to 'ws://nbrs-fe.test/_next/webpack-hmr?id=lBrCNJEQ5PBXiPieUg10P' failed: Error during WebSocket handshake: Unexpected response code: 404 @ webpack-internal:///(app-pages-browser)/./node_modules/next/dist/client/dev/hot-reloader/app/web-socket.js:55
[ 2353590ms] [ERROR] WebSocket connection to 'ws://nbrs-fe.test/_next/webpack-hmr?id=lBrCNJEQ5PBXiPieUg10P' failed: Error during WebSocket handshake: Unexpected response code: 404 @ webpack-internal:///(app-pages-browser)/./node_modules/next/dist/client/dev/hot-reloader/app/web-socket.js:55
[ 2363098ms] [ERROR] WebSocket connection to 'ws://nbrs-fe.test/_next/webpack-hmr?id=lBrCNJEQ5PBXiPieUg10P' failed: Error during WebSocket handshake: Unexpected response code: 404 @ webpack-internal:///(app-pages-browser)/./node_modules/next/dist/client/dev/hot-reloader/app/web-socket.js:55
[ 2370925ms] [ERROR] WebSocket connection to 'ws://nbrs-fe.test/_next/webpack-hmr?id=lBrCNJEQ5PBXiPieUg10P' failed: Error during WebSocket handshake: Unexpected response code: 404 @ webpack-internal:///(app-pages-browser)/./node_modules/next/dist/client/dev/hot-reloader/app/web-socket.js:55
[ 2379826ms] [ERROR] WebSocket connection to 'ws://nbrs-fe.test/_next/webpack-hmr?id=lBrCNJEQ5PBXiPieUg10P' failed: Error during WebSocket handshake: Unexpected response code: 404 @ webpack-internal:///(app-pages-browser)/./node_modules/next/dist/client/dev/hot-reloader/app/web-socket.js:55
[ 2381541ms] [INFO] %cDownload the React DevTools for a better development experience: https://react.dev/link/react-devtools font-weight:bold @ webpack-internal:///(app-pages-browser)/./node_modules/next/dist/next-devtools/shared/forward-logs-shared.js:27
[ 2385943ms] [ERROR] WebSocket connection to 'ws://nbrs-fe.test/_next/webpack-hmr?id=Qa96eCvMLiJCutG47fHGB' failed: Error during WebSocket handshake: Unexpected response code: 404 @ webpack-internal:///(app-pages-browser)/./node_modules/next/dist/client/dev/hot-reloader/app/web-socket.js:55
[ 2388358ms] [ERROR] WebSocket connection to 'ws://nbrs-fe.test/_next/webpack-hmr?id=Qa96eCvMLiJCutG47fHGB' failed: Error during WebSocket handshake: Unexpected response code: 404 @ webpack-internal:///(app-pages-browser)/./node_modules/next/dist/client/dev/hot-reloader/app/web-socket.js:55
[ 2393780ms] [ERROR] WebSocket connection to 'ws://nbrs-fe.test/_next/webpack-hmr?id=Qa96eCvMLiJCutG47fHGB' failed: Error during WebSocket handshake: Unexpected response code: 404 @ webpack-internal:///(app-pages-browser)/./node_modules/next/dist/client/dev/hot-reloader/app/web-socket.js:55
[ 2397642ms] [ERROR] WebSocket connection to 'ws://nbrs-fe.test/_next/webpack-hmr?id=Qa96eCvMLiJCutG47fHGB' failed: Error during WebSocket handshake: Unexpected response code: 404 @ webpack-internal:///(app-pages-browser)/./node_modules/next/dist/client/dev/hot-reloader/app/web-socket.js:55
[ 2403381ms] [ERROR] WebSocket connection to 'ws://nbrs-fe.test/_next/webpack-hmr?id=Qa96eCvMLiJCutG47fHGB' failed: Error during WebSocket handshake: Unexpected response code: 404 @ webpack-internal:///(app-pages-browser)/./node_modules/next/dist/client/dev/hot-reloader/app/web-socket.js:55
[ 2408297ms] [ERROR] WebSocket connection to 'ws://nbrs-fe.test/_next/webpack-hmr?id=Qa96eCvMLiJCutG47fHGB' failed: Error during WebSocket handshake: Unexpected response code: 404 @ webpack-internal:///(app-pages-browser)/./node_modules/next/dist/client/dev/hot-reloader/app/web-socket.js:55
[ 2418352ms] [ERROR] WebSocket connection to 'ws://nbrs-fe.test/_next/webpack-hmr?id=Qa96eCvMLiJCutG47fHGB' failed: Error during WebSocket handshake: Unexpected response code: 404 @ webpack-internal:///(app-pages-browser)/./node_modules/next/dist/client/dev/hot-reloader/app/web-socket.js:55
[ 2425332ms] [ERROR] WebSocket connection to 'ws://nbrs-fe.test/_next/webpack-hmr?id=Qa96eCvMLiJCutG47fHGB' failed: Error during WebSocket handshake: Unexpected response code: 404 @ webpack-internal:///(app-pages-browser)/./node_modules/next/dist/client/dev/hot-reloader/app/web-socket.js:55
[ 2430467ms] [ERROR] WebSocket connection to 'ws://nbrs-fe.test/_next/webpack-hmr?id=Qa96eCvMLiJCutG47fHGB' failed: Error during WebSocket handshake: Unexpected response code: 404 @ webpack-internal:///(app-pages-browser)/./node_modules/next/dist/client/dev/hot-reloader/app/web-socket.js:55
[ 2436525ms] [ERROR] WebSocket connection to 'ws://nbrs-fe.test/_next/webpack-hmr?id=Qa96eCvMLiJCutG47fHGB' failed: Error during WebSocket handshake: Unexpected response code: 404 @ webpack-internal:///(app-pages-browser)/./node_modules/next/dist/client/dev/hot-reloader/app/web-socket.js:55
[ 2441668ms] [ERROR] WebSocket connection to 'ws://nbrs-fe.test/_next/webpack-hmr?id=Qa96eCvMLiJCutG47fHGB' failed: Error during WebSocket handshake: Unexpected response code: 404 @ webpack-internal:///(app-pages-browser)/./node_modules/next/dist/client/dev/hot-reloader/app/web-socket.js:55
[ 2446803ms] [ERROR] WebSocket connection to 'ws://nbrs-fe.test/_next/webpack-hmr?id=Qa96eCvMLiJCutG47fHGB' failed: Error during WebSocket handshake: Unexpected response code: 404 @ webpack-internal:///(app-pages-browser)/./node_modules/next/dist/client/dev/hot-reloader/app/web-socket.js:55
[ 2451977ms] [ERROR] WebSocket connection to 'ws://nbrs-fe.test/_next/webpack-hmr?id=Qa96eCvMLiJCutG47fHGB' failed: Error during WebSocket handshake: Unexpected response code: 404 @ webpack-internal:///(app-pages-browser)/./node_modules/next/dist/client/dev/hot-reloader/app/web-socket.js:55
[ 2453864ms] [INFO] %cDownload the React DevTools for a better development experience: https://react.dev/link/react-devtools font-weight:bold @ webpack-internal:///(app-pages-browser)/./node_modules/next/dist/next-devtools/shared/forward-logs-shared.js:27
[ 2455285ms] [ERROR] WebSocket connection to 'ws://nbrs-fe.test/_next/webpack-hmr?id=58QYxyQda_LHR6lYy0IE_' failed: Error during WebSocket handshake: Unexpected response code: 404 @ webpack-internal:///(app-pages-browser)/./node_modules/next/dist/client/dev/hot-reloader/app/web-socket.js:55
[ 2456386ms] [ERROR] WebSocket connection to 'ws://nbrs-fe.test/_next/webpack-hmr?id=58QYxyQda_LHR6lYy0IE_' failed: Error during WebSocket handshake: Unexpected response code: 404 @ webpack-internal:///(app-pages-browser)/./node_modules/next/dist/client/dev/hot-reloader/app/web-socket.js:55
[ 2457502ms] [ERROR] WebSocket connection to 'ws://nbrs-fe.test/_next/webpack-hmr?id=58QYxyQda_LHR6lYy0IE_' failed: Error during WebSocket handshake: Unexpected response code: 404 @ webpack-internal:///(app-pages-browser)/./node_modules/next/dist/client/dev/hot-reloader/app/web-socket.js:55
[ 2458688ms] [ERROR] WebSocket connection to 'ws://nbrs-fe.test/_next/webpack-hmr?id=58QYxyQda_LHR6lYy0IE_' failed: Error during WebSocket handshake: Unexpected response code: 404 @ webpack-internal:///(app-pages-browser)/./node_modules/next/dist/client/dev/hot-reloader/app/web-socket.js:55
[ 2459835ms] [ERROR] WebSocket connection to 'ws://nbrs-fe.test/_next/webpack-hmr?id=58QYxyQda_LHR6lYy0IE_' failed: Error during WebSocket handshake: Unexpected response code: 404 @ webpack-internal:///(app-pages-browser)/./node_modules/next/dist/client/dev/hot-reloader/app/web-socket.js:55
[ 2461033ms] [ERROR] WebSocket connection to 'ws://nbrs-fe.test/_next/webpack-hmr?id=58QYxyQda_LHR6lYy0IE_' failed: Error during WebSocket handshake: Unexpected response code: 404 @ webpack-internal:///(app-pages-browser)/./node_modules/next/dist/client/dev/hot-reloader/app/web-socket.js:55
[ 2466225ms] [ERROR] WebSocket connection to 'ws://nbrs-fe.test/_next/webpack-hmr?id=58QYxyQda_LHR6lYy0IE_' failed: Error during WebSocket handshake: Unexpected response code: 404 @ webpack-internal:///(app-pages-browser)/./node_modules/next/dist/client/dev/hot-reloader/app/web-socket.js:55
[ 2471435ms] [ERROR] WebSocket connection to 'ws://nbrs-fe.test/_next/webpack-hmr?id=58QYxyQda_LHR6lYy0IE_' failed: Error during WebSocket handshake: Unexpected response code: 404 @ webpack-internal:///(app-pages-browser)/./node_modules/next/dist/client/dev/hot-reloader/app/web-socket.js:55
[ 2477118ms] [ERROR] WebSocket connection to 'ws://nbrs-fe.test/_next/webpack-hmr?id=58QYxyQda_LHR6lYy0IE_' failed: Error during WebSocket handshake: Unexpected response code: 404 @ webpack-internal:///(app-pages-browser)/./node_modules/next/dist/client/dev/hot-reloader/app/web-socket.js:55
[ 2483235ms] [ERROR] WebSocket connection to 'ws://nbrs-fe.test/_next/webpack-hmr?id=58QYxyQda_LHR6lYy0IE_' failed: Error during WebSocket handshake: Unexpected response code: 404 @ webpack-internal:///(app-pages-browser)/./node_modules/next/dist/client/dev/hot-reloader/app/web-socket.js:55
[ 2489112ms] [ERROR] WebSocket connection to 'ws://nbrs-fe.test/_next/webpack-hmr?id=58QYxyQda_LHR6lYy0IE_' failed: Error during WebSocket handshake: Unexpected response code: 404 @ webpack-internal:///(app-pages-browser)/./node_modules/next/dist/client/dev/hot-reloader/app/web-socket.js:55
[ 2495356ms] [ERROR] WebSocket connection to 'ws://nbrs-fe.test/_next/webpack-hmr?id=58QYxyQda_LHR6lYy0IE_' failed: Error during WebSocket handshake: Unexpected response code: 404 @ webpack-internal:///(app-pages-browser)/./node_modules/next/dist/client/dev/hot-reloader/app/web-socket.js:55
[ 2503391ms] [ERROR] WebSocket connection to 'ws://nbrs-fe.test/_next/webpack-hmr?id=58QYxyQda_LHR6lYy0IE_' failed: Error during WebSocket handshake: Unexpected response code: 404 @ webpack-internal:///(app-pages-browser)/./node_modules/next/dist/client/dev/hot-reloader/app/web-socket.js:55
[ 2505512ms] [INFO] %cDownload the React DevTools for a better development experience: https://react.dev/link/react-devtools font-weight:bold @ webpack-internal:///(app-pages-browser)/./node_modules/next/dist/next-devtools/shared/forward-logs-shared.js:27
[ 2510602ms] [ERROR] WebSocket connection to 'ws://nbrs-fe.test/_next/webpack-hmr?id=Fw30-9mx30CUEE8n8A67o' failed: Error during WebSocket handshake: Unexpected response code: 404 @ webpack-internal:///(app-pages-browser)/./node_modules/next/dist/client/dev/hot-reloader/app/web-socket.js:55
[ 2514626ms] [ERROR] WebSocket connection to 'ws://nbrs-fe.test/_next/webpack-hmr?id=Fw30-9mx30CUEE8n8A67o' failed: Error during WebSocket handshake: Unexpected response code: 404 @ webpack-internal:///(app-pages-browser)/./node_modules/next/dist/client/dev/hot-reloader/app/web-socket.js:55
[ 2518049ms] [ERROR] WebSocket connection to 'ws://nbrs-fe.test/_next/webpack-hmr?id=Fw30-9mx30CUEE8n8A67o' failed: Error during WebSocket handshake: Unexpected response code: 404 @ webpack-internal:///(app-pages-browser)/./node_modules/next/dist/client/dev/hot-reloader/app/web-socket.js:55
[ 2522927ms] [ERROR] WebSocket connection to 'ws://nbrs-fe.test/_next/webpack-hmr?id=Fw30-9mx30CUEE8n8A67o' failed: Error during WebSocket handshake: Unexpected response code: 404 @ webpack-internal:///(app-pages-browser)/./node_modules/next/dist/client/dev/hot-reloader/app/web-socket.js:55
[ 2528257ms] [ERROR] WebSocket connection to 'ws://nbrs-fe.test/_next/webpack-hmr?id=Fw30-9mx30CUEE8n8A67o' failed: Error during WebSocket handshake: Unexpected response code: 404 @ webpack-internal:///(app-pages-browser)/./node_modules/next/dist/client/dev/hot-reloader/app/web-socket.js:55
[ 2530677ms] [ERROR] WebSocket connection to 'ws://nbrs-fe.test/_next/webpack-hmr?id=Fw30-9mx30CUEE8n8A67o' failed: Error during WebSocket handshake: Unexpected response code: 404 @ webpack-internal:///(app-pages-browser)/./node_modules/next/dist/client/dev/hot-reloader/app/web-socket.js:55
[ 2538209ms] [ERROR] WebSocket connection to 'ws://nbrs-fe.test/_next/webpack-hmr?id=Fw30-9mx30CUEE8n8A67o' failed: Error during WebSocket handshake: Unexpected response code: 404 @ webpack-internal:///(app-pages-browser)/./node_modules/next/dist/client/dev/hot-reloader/app/web-socket.js:55
[ 2547242ms] [ERROR] WebSocket connection to 'ws://nbrs-fe.test/_next/webpack-hmr?id=Fw30-9mx30CUEE8n8A67o' failed: Error during WebSocket handshake: Unexpected response code: 404 @ webpack-internal:///(app-pages-browser)/./node_modules/next/dist/client/dev/hot-reloader/app/web-socket.js:55
[ 2552418ms] [ERROR] WebSocket connection to 'ws://nbrs-fe.test/_next/webpack-hmr?id=Fw30-9mx30CUEE8n8A67o' failed: Error during WebSocket handshake: Unexpected response code: 404 @ webpack-internal:///(app-pages-browser)/./node_modules/next/dist/client/dev/hot-reloader/app/web-socket.js:55
[ 2557568ms] [ERROR] WebSocket connection to 'ws://nbrs-fe.test/_next/webpack-hmr?id=Fw30-9mx30CUEE8n8A67o' failed: Error during WebSocket handshake: Unexpected response code: 404 @ webpack-internal:///(app-pages-browser)/./node_modules/next/dist/client/dev/hot-reloader/app/web-socket.js:55
[ 2562634ms] [ERROR] WebSocket connection to 'ws://nbrs-fe.test/_next/webpack-hmr?id=Fw30-9mx30CUEE8n8A67o' failed: Error during WebSocket handshake: Unexpected response code: 404 @ webpack-internal:///(app-pages-browser)/./node_modules/next/dist/client/dev/hot-reloader/app/web-socket.js:55
[ 2567691ms] [ERROR] WebSocket connection to 'ws://nbrs-fe.test/_next/webpack-hmr?id=Fw30-9mx30CUEE8n8A67o' failed: Error during WebSocket handshake: Unexpected response code: 404 @ webpack-internal:///(app-pages-browser)/./node_modules/next/dist/client/dev/hot-reloader/app/web-socket.js:55
[ 2572816ms] [ERROR] WebSocket connection to 'ws://nbrs-fe.test/_next/webpack-hmr?id=Fw30-9mx30CUEE8n8A67o' failed: Error during WebSocket handshake: Unexpected response code: 404 @ webpack-internal:///(app-pages-browser)/./node_modules/next/dist/client/dev/hot-reloader/app/web-socket.js:55
[ 2577221ms] [INFO] %cDownload the React DevTools for a better development experience: https://react.dev/link/react-devtools font-weight:bold @ webpack-internal:///(app-pages-browser)/./node_modules/next/dist/next-devtools/shared/forward-logs-shared.js:27
[ 2580536ms] [ERROR] WebSocket connection to 'ws://nbrs-fe.test/_next/webpack-hmr?id=tC9yTOe44_99PfO179DYY' failed: Error during WebSocket handshake: Unexpected response code: 404 @ webpack-internal:///(app-pages-browser)/./node_modules/next/dist/client/dev/hot-reloader/app/web-socket.js:55
[ 2581841ms] [ERROR] WebSocket connection to 'ws://nbrs-fe.test/_next/webpack-hmr?id=tC9yTOe44_99PfO179DYY' failed: Error during WebSocket handshake: Unexpected response code: 404 @ webpack-internal:///(app-pages-browser)/./node_modules/next/dist/client/dev/hot-reloader/app/web-socket.js:55
[ 2582963ms] [ERROR] WebSocket connection to 'ws://nbrs-fe.test/_next/webpack-hmr?id=tC9yTOe44_99PfO179DYY' failed: Error during WebSocket handshake: Unexpected response code: 404 @ webpack-internal:///(app-pages-browser)/./node_modules/next/dist/client/dev/hot-reloader/app/web-socket.js:55
[ 2584102ms] [ERROR] WebSocket connection to 'ws://nbrs-fe.test/_next/webpack-hmr?id=tC9yTOe44_99PfO179DYY' failed: Error during WebSocket handshake: Unexpected response code: 404 @ webpack-internal:///(app-pages-browser)/./node_modules/next/dist/client/dev/hot-reloader/app/web-socket.js:55
[ 2585219ms] [ERROR] WebSocket connection to 'ws://nbrs-fe.test/_next/webpack-hmr?id=tC9yTOe44_99PfO179DYY' failed: Error during WebSocket handshake: Unexpected response code: 404 @ webpack-internal:///(app-pages-browser)/./node_modules/next/dist/client/dev/hot-reloader/app/web-socket.js:55
[ 2586368ms] [ERROR] WebSocket connection to 'ws://nbrs-fe.test/_next/webpack-hmr?id=tC9yTOe44_99PfO179DYY' failed: Error during WebSocket handshake: Unexpected response code: 404 @ webpack-internal:///(app-pages-browser)/./node_modules/next/dist/client/dev/hot-reloader/app/web-socket.js:55
[ 2591593ms] [ERROR] WebSocket connection to 'ws://nbrs-fe.test/_next/webpack-hmr?id=tC9yTOe44_99PfO179DYY' failed: Error during WebSocket handshake: Unexpected response code: 404 @ webpack-internal:///(app-pages-browser)/./node_modules/next/dist/client/dev/hot-reloader/app/web-socket.js:55
[ 2597015ms] [ERROR] WebSocket connection to 'ws://nbrs-fe.test/_next/webpack-hmr?id=tC9yTOe44_99PfO179DYY' failed: Error during WebSocket handshake: Unexpected response code: 404 @ webpack-internal:///(app-pages-browser)/./node_modules/next/dist/client/dev/hot-reloader/app/web-socket.js:55
[ 2602385ms] [ERROR] WebSocket connection to 'ws://nbrs-fe.test/_next/webpack-hmr?id=tC9yTOe44_99PfO179DYY' failed: Error during WebSocket handshake: Unexpected response code: 404 @ webpack-internal:///(app-pages-browser)/./node_modules/next/dist/client/dev/hot-reloader/app/web-socket.js:55
[ 2607876ms] [ERROR] WebSocket connection to 'ws://nbrs-fe.test/_next/webpack-hmr?id=tC9yTOe44_99PfO179DYY' failed: Error during WebSocket handshake: Unexpected response code: 404 @ webpack-internal:///(app-pages-browser)/./node_modules/next/dist/client/dev/hot-reloader/app/web-socket.js:55
[ 2614080ms] [ERROR] WebSocket connection to 'ws://nbrs-fe.test/_next/webpack-hmr?id=tC9yTOe44_99PfO179DYY' failed: Error during WebSocket handshake: Unexpected response code: 404 @ webpack-internal:///(app-pages-browser)/./node_modules/next/dist/client/dev/hot-reloader/app/web-socket.js:55
[ 2620593ms] [ERROR] WebSocket connection to 'ws://nbrs-fe.test/_next/webpack-hmr?id=tC9yTOe44_99PfO179DYY' failed: Error during WebSocket handshake: Unexpected response code: 404 @ webpack-internal:///(app-pages-browser)/./node_modules/next/dist/client/dev/hot-reloader/app/web-socket.js:55
[ 2629369ms] [ERROR] WebSocket connection to 'ws://nbrs-fe.test/_next/webpack-hmr?id=tC9yTOe44_99PfO179DYY' failed: Error during WebSocket handshake: Unexpected response code: 404 @ webpack-internal:///(app-pages-browser)/./node_modules/next/dist/client/dev/hot-reloader/app/web-socket.js:55
[ 2632040ms] [INFO] %cDownload the React DevTools for a better development experience: https://react.dev/link/react-devtools font-weight:bold @ webpack-internal:///(app-pages-browser)/./node_modules/next/dist/next-devtools/shared/forward-logs-shared.js:27
[ 2633643ms] [ERROR] WebSocket connection to 'ws://nbrs-fe.test/_next/webpack-hmr?id=nn1vuRO-9siaGQWjYshDY' failed: Error during WebSocket handshake: Unexpected response code: 404 @ webpack-internal:///(app-pages-browser)/./node_modules/next/dist/client/dev/hot-reloader/app/web-socket.js:55
[ 2637724ms] [ERROR] WebSocket connection to 'ws://nbrs-fe.test/_next/webpack-hmr?id=nn1vuRO-9siaGQWjYshDY' failed: Error during WebSocket handshake: Unexpected response code: 404 @ webpack-internal:///(app-pages-browser)/./node_modules/next/dist/client/dev/hot-reloader/app/web-socket.js:55
[ 2640622ms] [ERROR] WebSocket connection to 'ws://nbrs-fe.test/_next/webpack-hmr?id=nn1vuRO-9siaGQWjYshDY' failed: Error during WebSocket handshake: Unexpected response code: 404 @ webpack-internal:///(app-pages-browser)/./node_modules/next/dist/client/dev/hot-reloader/app/web-socket.js:55
[ 2645677ms] [ERROR] WebSocket connection to 'ws://nbrs-fe.test/_next/webpack-hmr?id=nn1vuRO-9siaGQWjYshDY' failed: Error during WebSocket handshake: Unexpected response code: 404 @ webpack-internal:///(app-pages-browser)/./node_modules/next/dist/client/dev/hot-reloader/app/web-socket.js:55
[ 2651642ms] [ERROR] WebSocket connection to 'ws://nbrs-fe.test/_next/webpack-hmr?id=nn1vuRO-9siaGQWjYshDY' failed: Error during WebSocket handshake: Unexpected response code: 404 @ webpack-internal:///(app-pages-browser)/./node_modules/next/dist/client/dev/hot-reloader/app/web-socket.js:55
[ 2656652ms] [ERROR] WebSocket connection to 'ws://nbrs-fe.test/_next/webpack-hmr?id=nn1vuRO-9siaGQWjYshDY' failed: Error during WebSocket handshake: Unexpected response code: 404 @ webpack-internal:///(app-pages-browser)/./node_modules/next/dist/client/dev/hot-reloader/app/web-socket.js:55
[ 2665741ms] [ERROR] WebSocket connection to 'ws://nbrs-fe.test/_next/webpack-hmr?id=nn1vuRO-9siaGQWjYshDY' failed: Error during WebSocket handshake: Unexpected response code: 404 @ webpack-internal:///(app-pages-browser)/./node_modules/next/dist/client/dev/hot-reloader/app/web-socket.js:55
[ 2674771ms] [ERROR] WebSocket connection to 'ws://nbrs-fe.test/_next/webpack-hmr?id=nn1vuRO-9siaGQWjYshDY' failed: Error during WebSocket handshake: Unexpected response code: 404 @ webpack-internal:///(app-pages-browser)/./node_modules/next/dist/client/dev/hot-reloader/app/web-socket.js:55
[ 2684372ms] [ERROR] WebSocket connection to 'ws://nbrs-fe.test/_next/webpack-hmr?id=nn1vuRO-9siaGQWjYshDY' failed: Error during WebSocket handshake: Unexpected response code: 404 @ webpack-internal:///(app-pages-browser)/./node_modules/next/dist/client/dev/hot-reloader/app/web-socket.js:55
[ 2691570ms] [ERROR] WebSocket connection to 'ws://nbrs-fe.test/_next/webpack-hmr?id=nn1vuRO-9siaGQWjYshDY' failed: Error during WebSocket handshake: Unexpected response code: 404 @ webpack-internal:///(app-pages-browser)/./node_modules/next/dist/client/dev/hot-reloader/app/web-socket.js:55
[ 2701260ms] [ERROR] WebSocket connection to 'ws://nbrs-fe.test/_next/webpack-hmr?id=nn1vuRO-9siaGQWjYshDY' failed: Error during WebSocket handshake: Unexpected response code: 404 @ webpack-internal:///(app-pages-browser)/./node_modules/next/dist/client/dev/hot-reloader/app/web-socket.js:55
[ 2708457ms] [ERROR] WebSocket connection to 'ws://nbrs-fe.test/_next/webpack-hmr?id=nn1vuRO-9siaGQWjYshDY' failed: Error during WebSocket handshake: Unexpected response code: 404 @ webpack-internal:///(app-pages-browser)/./node_modules/next/dist/client/dev/hot-reloader/app/web-socket.js:55
[ 2718163ms] [ERROR] WebSocket connection to 'ws://nbrs-fe.test/_next/webpack-hmr?id=nn1vuRO-9siaGQWjYshDY' failed: Error during WebSocket handshake: Unexpected response code: 404 @ webpack-internal:///(app-pages-browser)/./node_modules/next/dist/client/dev/hot-reloader/app/web-socket.js:55
[ 2720524ms] [INFO] %cDownload the React DevTools for a better development experience: https://react.dev/link/react-devtools font-weight:bold @ webpack-internal:///(app-pages-browser)/./node_modules/next/dist/next-devtools/shared/forward-logs-shared.js:27
[ 2723973ms] [ERROR] WebSocket connection to 'ws://nbrs-fe.test/_next/webpack-hmr?id=ZUaZ0aj9mLGWA5_wFqtgT' failed: Error during WebSocket handshake: Unexpected response code: 404 @ webpack-internal:///(app-pages-browser)/./node_modules/next/dist/client/dev/hot-reloader/app/web-socket.js:55
[ 2729582ms] [ERROR] WebSocket connection to 'ws://nbrs-fe.test/_next/webpack-hmr?id=ZUaZ0aj9mLGWA5_wFqtgT' failed: Error during WebSocket handshake: Unexpected response code: 404 @ webpack-internal:///(app-pages-browser)/./node_modules/next/dist/client/dev/hot-reloader/app/web-socket.js:55
[ 2732429ms] [ERROR] WebSocket connection to 'ws://nbrs-fe.test/_next/webpack-hmr?id=ZUaZ0aj9mLGWA5_wFqtgT' failed: Error during WebSocket handshake: Unexpected response code: 404 @ webpack-internal:///(app-pages-browser)/./node_modules/next/dist/client/dev/hot-reloader/app/web-socket.js:55
[ 2736192ms] [ERROR] WebSocket connection to 'ws://nbrs-fe.test/_next/webpack-hmr?id=ZUaZ0aj9mLGWA5_wFqtgT' failed: Error during WebSocket handshake: Unexpected response code: 404 @ webpack-internal:///(app-pages-browser)/./node_modules/next/dist/client/dev/hot-reloader/app/web-socket.js:55
[ 2741610ms] [ERROR] WebSocket connection to 'ws://nbrs-fe.test/_next/webpack-hmr?id=ZUaZ0aj9mLGWA5_wFqtgT' failed: Error during WebSocket handshake: Unexpected response code: 404 @ webpack-internal:///(app-pages-browser)/./node_modules/next/dist/client/dev/hot-reloader/app/web-socket.js:55
[ 2747084ms] [ERROR] WebSocket connection to 'ws://nbrs-fe.test/_next/webpack-hmr?id=ZUaZ0aj9mLGWA5_wFqtgT' failed: Error during WebSocket handshake: Unexpected response code: 404 @ webpack-internal:///(app-pages-browser)/./node_modules/next/dist/client/dev/hot-reloader/app/web-socket.js:55
[ 2754615ms] [ERROR] WebSocket connection to 'ws://nbrs-fe.test/_next/webpack-hmr?id=ZUaZ0aj9mLGWA5_wFqtgT' failed: Error during WebSocket handshake: Unexpected response code: 404 @ webpack-internal:///(app-pages-browser)/./node_modules/next/dist/client/dev/hot-reloader/app/web-socket.js:55
[ 2760915ms] [ERROR] WebSocket connection to 'ws://nbrs-fe.test/_next/webpack-hmr?id=ZUaZ0aj9mLGWA5_wFqtgT' failed: Error during WebSocket handshake: Unexpected response code: 404 @ webpack-internal:///(app-pages-browser)/./node_modules/next/dist/client/dev/hot-reloader/app/web-socket.js:55
[ 2769833ms] [ERROR] WebSocket connection to 'ws://nbrs-fe.test/_next/webpack-hmr?id=ZUaZ0aj9mLGWA5_wFqtgT' failed: Error during WebSocket handshake: Unexpected response code: 404 @ webpack-internal:///(app-pages-browser)/./node_modules/next/dist/client/dev/hot-reloader/app/web-socket.js:55
[ 2779350ms] [ERROR] WebSocket connection to 'ws://nbrs-fe.test/_next/webpack-hmr?id=ZUaZ0aj9mLGWA5_wFqtgT' failed: Error during WebSocket handshake: Unexpected response code: 404 @ webpack-internal:///(app-pages-browser)/./node_modules/next/dist/client/dev/hot-reloader/app/web-socket.js:55
[ 2788982ms] [ERROR] WebSocket connection to 'ws://nbrs-fe.test/_next/webpack-hmr?id=ZUaZ0aj9mLGWA5_wFqtgT' failed: Error during WebSocket handshake: Unexpected response code: 404 @ webpack-internal:///(app-pages-browser)/./node_modules/next/dist/client/dev/hot-reloader/app/web-socket.js:55
[ 2794079ms] [ERROR] WebSocket connection to 'ws://nbrs-fe.test/_next/webpack-hmr?id=ZUaZ0aj9mLGWA5_wFqtgT' failed: Error during WebSocket handshake: Unexpected response code: 404 @ webpack-internal:///(app-pages-browser)/./node_modules/next/dist/client/dev/hot-reloader/app/web-socket.js:55
[ 2799275ms] [ERROR] WebSocket connection to 'ws://nbrs-fe.test/_next/webpack-hmr?id=ZUaZ0aj9mLGWA5_wFqtgT' failed: Error during WebSocket handshake: Unexpected response code: 404 @ webpack-internal:///(app-pages-browser)/./node_modules/next/dist/client/dev/hot-reloader/app/web-socket.js:55
[ 2802112ms] [INFO] %cDownload the React DevTools for a better development experience: https://react.dev/link/react-devtools font-weight:bold @ webpack-internal:///(app-pages-browser)/./node_modules/next/dist/next-devtools/shared/forward-logs-shared.js:27
[ 2803667ms] [ERROR] WebSocket connection to 'ws://nbrs-fe.test/_next/webpack-hmr?id=hYgiIBqzp6t6ff1jwTq4a' failed: Error during WebSocket handshake: Unexpected response code: 404 @ webpack-internal:///(app-pages-browser)/./node_modules/next/dist/client/dev/hot-reloader/app/web-socket.js:55
[ 2804760ms] [ERROR] WebSocket connection to 'ws://nbrs-fe.test/_next/webpack-hmr?id=hYgiIBqzp6t6ff1jwTq4a' failed: Error during WebSocket handshake: Unexpected response code: 404 @ webpack-internal:///(app-pages-browser)/./node_modules/next/dist/client/dev/hot-reloader/app/web-socket.js:55
[ 2805841ms] [ERROR] WebSocket connection to 'ws://nbrs-fe.test/_next/webpack-hmr?id=hYgiIBqzp6t6ff1jwTq4a' failed: Error during WebSocket handshake: Unexpected response code: 404 @ webpack-internal:///(app-pages-browser)/./node_modules/next/dist/client/dev/hot-reloader/app/web-socket.js:55
[ 2806958ms] [ERROR] WebSocket connection to 'ws://nbrs-fe.test/_next/webpack-hmr?id=hYgiIBqzp6t6ff1jwTq4a' failed: Error during WebSocket handshake: Unexpected response code: 404 @ webpack-internal:///(app-pages-browser)/./node_modules/next/dist/client/dev/hot-reloader/app/web-socket.js:55
[ 2808067ms] [ERROR] WebSocket connection to 'ws://nbrs-fe.test/_next/webpack-hmr?id=hYgiIBqzp6t6ff1jwTq4a' failed: Error during WebSocket handshake: Unexpected response code: 404 @ webpack-internal:///(app-pages-browser)/./node_modules/next/dist/client/dev/hot-reloader/app/web-socket.js:55
[ 2809200ms] [ERROR] WebSocket connection to 'ws://nbrs-fe.test/_next/webpack-hmr?id=hYgiIBqzp6t6ff1jwTq4a' failed: Error during WebSocket handshake: Unexpected response code: 404 @ webpack-internal:///(app-pages-browser)/./node_modules/next/dist/client/dev/hot-reloader/app/web-socket.js:55
[ 2814300ms] [ERROR] WebSocket connection to 'ws://nbrs-fe.test/_next/webpack-hmr?id=hYgiIBqzp6t6ff1jwTq4a' failed: Error during WebSocket handshake: Unexpected response code: 404 @ webpack-internal:///(app-pages-browser)/./node_modules/next/dist/client/dev/hot-reloader/app/web-socket.js:55
[ 2819492ms] [ERROR] WebSocket connection to 'ws://nbrs-fe.test/_next/webpack-hmr?id=hYgiIBqzp6t6ff1jwTq4a' failed: Error during WebSocket handshake: Unexpected response code: 404 @ webpack-internal:///(app-pages-browser)/./node_modules/next/dist/client/dev/hot-reloader/app/web-socket.js:55
[ 2824703ms] [ERROR] WebSocket connection to 'ws://nbrs-fe.test/_next/webpack-hmr?id=hYgiIBqzp6t6ff1jwTq4a' failed: Error during WebSocket handshake: Unexpected response code: 404 @ webpack-internal:///(app-pages-browser)/./node_modules/next/dist/client/dev/hot-reloader/app/web-socket.js:55
[ 2829954ms] [ERROR] WebSocket connection to 'ws://nbrs-fe.test/_next/webpack-hmr?id=hYgiIBqzp6t6ff1jwTq4a' failed: Error during WebSocket handshake: Unexpected response code: 404 @ webpack-internal:///(app-pages-browser)/./node_modules/next/dist/client/dev/hot-reloader/app/web-socket.js:55
[ 2835163ms] [ERROR] WebSocket connection to 'ws://nbrs-fe.test/_next/webpack-hmr?id=hYgiIBqzp6t6ff1jwTq4a' failed: Error during WebSocket handshake: Unexpected response code: 404 @ webpack-internal:///(app-pages-browser)/./node_modules/next/dist/client/dev/hot-reloader/app/web-socket.js:55
[ 2840491ms] [ERROR] WebSocket connection to 'ws://nbrs-fe.test/_next/webpack-hmr?id=hYgiIBqzp6t6ff1jwTq4a' failed: Error during WebSocket handshake: Unexpected response code: 404 @ webpack-internal:///(app-pages-browser)/./node_modules/next/dist/client/dev/hot-reloader/app/web-socket.js:55
[ 2845974ms] [ERROR] WebSocket connection to 'ws://nbrs-fe.test/_next/webpack-hmr?id=hYgiIBqzp6t6ff1jwTq4a' failed: Error during WebSocket handshake: Unexpected response code: 404 @ webpack-internal:///(app-pages-browser)/./node_modules/next/dist/client/dev/hot-reloader/app/web-socket.js:55
[ 2847835ms] [INFO] %cDownload the React DevTools for a better development experience: https://react.dev/link/react-devtools font-weight:bold @ webpack-internal:///(app-pages-browser)/./node_modules/next/dist/next-devtools/shared/forward-logs-shared.js:27
[ 2848872ms] [ERROR] WebSocket connection to 'ws://nbrs-fe.test/_next/webpack-hmr?id=MhOduA4gKULQE-VIWOR3D' failed: Error during WebSocket handshake: Unexpected response code: 404 @ webpack-internal:///(app-pages-browser)/./node_modules/next/dist/client/dev/hot-reloader/app/web-socket.js:55
[ 2853603ms] [ERROR] WebSocket connection to 'ws://nbrs-fe.test/_next/webpack-hmr?id=MhOduA4gKULQE-VIWOR3D' failed: Error during WebSocket handshake: Unexpected response code: 404 @ webpack-internal:///(app-pages-browser)/./node_modules/next/dist/client/dev/hot-reloader/app/web-socket.js:55
[ 2856936ms] [ERROR] WebSocket connection to 'ws://nbrs-fe.test/_next/webpack-hmr?id=MhOduA4gKULQE-VIWOR3D' failed: Error during WebSocket handshake: Unexpected response code: 404 @ webpack-internal:///(app-pages-browser)/./node_modules/next/dist/client/dev/hot-reloader/app/web-socket.js:55
[ 2862348ms] [ERROR] WebSocket connection to 'ws://nbrs-fe.test/_next/webpack-hmr?id=MhOduA4gKULQE-VIWOR3D' failed: Error during WebSocket handshake: Unexpected response code: 404 @ webpack-internal:///(app-pages-browser)/./node_modules/next/dist/client/dev/hot-reloader/app/web-socket.js:55
[ 2866860ms] [ERROR] WebSocket connection to 'ws://nbrs-fe.test/_next/webpack-hmr?id=MhOduA4gKULQE-VIWOR3D' failed: Error during WebSocket handshake: Unexpected response code: 404 @ webpack-internal:///(app-pages-browser)/./node_modules/next/dist/client/dev/hot-reloader/app/web-socket.js:55
[ 2869676ms] [ERROR] WebSocket connection to 'ws://nbrs-fe.test/_next/webpack-hmr?id=MhOduA4gKULQE-VIWOR3D' failed: Error during WebSocket handshake: Unexpected response code: 404 @ webpack-internal:///(app-pages-browser)/./node_modules/next/dist/client/dev/hot-reloader/app/web-socket.js:55
[ 2876031ms] [ERROR] WebSocket connection to 'ws://nbrs-fe.test/_next/webpack-hmr?id=MhOduA4gKULQE-VIWOR3D' failed: Error during WebSocket handshake: Unexpected response code: 404 @ webpack-internal:///(app-pages-browser)/./node_modules/next/dist/client/dev/hot-reloader/app/web-socket.js:55
[ 2885756ms] [ERROR] WebSocket connection to 'ws://nbrs-fe.test/_next/webpack-hmr?id=MhOduA4gKULQE-VIWOR3D' failed: Error during WebSocket handshake: Unexpected response code: 404 @ webpack-internal:///(app-pages-browser)/./node_modules/next/dist/client/dev/hot-reloader/app/web-socket.js:55
[ 2892406ms] [ERROR] WebSocket connection to 'ws://nbrs-fe.test/_next/webpack-hmr?id=MhOduA4gKULQE-VIWOR3D' failed: Error during WebSocket handshake: Unexpected response code: 404 @ webpack-internal:///(app-pages-browser)/./node_modules/next/dist/client/dev/hot-reloader/app/web-socket.js:55
[ 2899832ms] [ERROR] WebSocket connection to 'ws://nbrs-fe.test/_next/webpack-hmr?id=MhOduA4gKULQE-VIWOR3D' failed: Error during WebSocket handshake: Unexpected response code: 404 @ webpack-internal:///(app-pages-browser)/./node_modules/next/dist/client/dev/hot-reloader/app/web-socket.js:55
[ 2909799ms] [ERROR] WebSocket connection to 'ws://nbrs-fe.test/_next/webpack-hmr?id=MhOduA4gKULQE-VIWOR3D' failed: Error during WebSocket handshake: Unexpected response code: 404 @ webpack-internal:///(app-pages-browser)/./node_modules/next/dist/client/dev/hot-reloader/app/web-socket.js:55
[ 2914895ms] [ERROR] WebSocket connection to 'ws://nbrs-fe.test/_next/webpack-hmr?id=MhOduA4gKULQE-VIWOR3D' failed: Error during WebSocket handshake: Unexpected response code: 404 @ webpack-internal:///(app-pages-browser)/./node_modules/next/dist/client/dev/hot-reloader/app/web-socket.js:55
[ 2920033ms] [ERROR] WebSocket connection to 'ws://nbrs-fe.test/_next/webpack-hmr?id=MhOduA4gKULQE-VIWOR3D' failed: Error during WebSocket handshake: Unexpected response code: 404 @ webpack-internal:///(app-pages-browser)/./node_modules/next/dist/client/dev/hot-reloader/app/web-socket.js:55
[ 2922686ms] [INFO] %cDownload the React DevTools for a better development experience: https://react.dev/link/react-devtools font-weight:bold @ webpack-internal:///(app-pages-browser)/./node_modules/next/dist/next-devtools/shared/forward-logs-shared.js:27
[ 2924113ms] [ERROR] WebSocket connection to 'ws://nbrs-fe.test/_next/webpack-hmr?id=LPMPz-ufLjRRU-22ss0xc' failed: Error during WebSocket handshake: Unexpected response code: 404 @ webpack-internal:///(app-pages-browser)/./node_modules/next/dist/client/dev/hot-reloader/app/web-socket.js:55
[ 2925247ms] [ERROR] WebSocket connection to 'ws://nbrs-fe.test/_next/webpack-hmr?id=LPMPz-ufLjRRU-22ss0xc' failed: Error during WebSocket handshake: Unexpected response code: 404 @ webpack-internal:///(app-pages-browser)/./node_modules/next/dist/client/dev/hot-reloader/app/web-socket.js:55
[ 2926393ms] [ERROR] WebSocket connection to 'ws://nbrs-fe.test/_next/webpack-hmr?id=LPMPz-ufLjRRU-22ss0xc' failed: Error during WebSocket handshake: Unexpected response code: 404 @ webpack-internal:///(app-pages-browser)/./node_modules/next/dist/client/dev/hot-reloader/app/web-socket.js:55
[ 2927519ms] [ERROR] WebSocket connection to 'ws://nbrs-fe.test/_next/webpack-hmr?id=LPMPz-ufLjRRU-22ss0xc' failed: Error during WebSocket handshake: Unexpected response code: 404 @ webpack-internal:///(app-pages-browser)/./node_modules/next/dist/client/dev/hot-reloader/app/web-socket.js:55
[ 2928691ms] [ERROR] WebSocket connection to 'ws://nbrs-fe.test/_next/webpack-hmr?id=LPMPz-ufLjRRU-22ss0xc' failed: Error during WebSocket handshake: Unexpected response code: 404 @ webpack-internal:///(app-pages-browser)/./node_modules/next/dist/client/dev/hot-reloader/app/web-socket.js:55
[ 2929822ms] [ERROR] WebSocket connection to 'ws://nbrs-fe.test/_next/webpack-hmr?id=LPMPz-ufLjRRU-22ss0xc' failed: Error during WebSocket handshake: Unexpected response code: 404 @ webpack-internal:///(app-pages-browser)/./node_modules/next/dist/client/dev/hot-reloader/app/web-socket.js:55
[ 2934923ms] [ERROR] WebSocket connection to 'ws://nbrs-fe.test/_next/webpack-hmr?id=LPMPz-ufLjRRU-22ss0xc' failed: Error during WebSocket handshake: Unexpected response code: 404 @ webpack-internal:///(app-pages-browser)/./node_modules/next/dist/client/dev/hot-reloader/app/web-socket.js:55
[ 2940063ms] [ERROR] WebSocket connection to 'ws://nbrs-fe.test/_next/webpack-hmr?id=LPMPz-ufLjRRU-22ss0xc' failed: Error during WebSocket handshake: Unexpected response code: 404 @ webpack-internal:///(app-pages-browser)/./node_modules/next/dist/client/dev/hot-reloader/app/web-socket.js:55
[ 2945179ms] [ERROR] WebSocket connection to 'ws://nbrs-fe.test/_next/webpack-hmr?id=LPMPz-ufLjRRU-22ss0xc' failed: Error during WebSocket handshake: Unexpected response code: 404 @ webpack-internal:///(app-pages-browser)/./node_modules/next/dist/client/dev/hot-reloader/app/web-socket.js:55
[ 2950418ms] [ERROR] WebSocket connection to 'ws://nbrs-fe.test/_next/webpack-hmr?id=LPMPz-ufLjRRU-22ss0xc' failed: Error during WebSocket handshake: Unexpected response code: 404 @ webpack-internal:///(app-pages-browser)/./node_modules/next/dist/client/dev/hot-reloader/app/web-socket.js:55
[ 2955681ms] [ERROR] WebSocket connection to 'ws://nbrs-fe.test/_next/webpack-hmr?id=LPMPz-ufLjRRU-22ss0xc' failed: Error during WebSocket handshake: Unexpected response code: 404 @ webpack-internal:///(app-pages-browser)/./node_modules/next/dist/client/dev/hot-reloader/app/web-socket.js:55
[ 2961135ms] [ERROR] WebSocket connection to 'ws://nbrs-fe.test/_next/webpack-hmr?id=LPMPz-ufLjRRU-22ss0xc' failed: Error during WebSocket handshake: Unexpected response code: 404 @ webpack-internal:///(app-pages-browser)/./node_modules/next/dist/client/dev/hot-reloader/app/web-socket.js:55
[ 2966558ms] [ERROR] WebSocket connection to 'ws://nbrs-fe.test/_next/webpack-hmr?id=LPMPz-ufLjRRU-22ss0xc' failed: Error during WebSocket handshake: Unexpected response code: 404 @ webpack-internal:///(app-pages-browser)/./node_modules/next/dist/client/dev/hot-reloader/app/web-socket.js:55
[ 2967884ms] [INFO] %cDownload the React DevTools for a better development experience: https://react.dev/link/react-devtools font-weight:bold @ webpack-internal:///(app-pages-browser)/./node_modules/next/dist/next-devtools/shared/forward-logs-shared.js:27
[ 2969225ms] [ERROR] WebSocket connection to 'ws://nbrs-fe.test/_next/webpack-hmr?id=c43HfvDMgM-0zsytnzhCg' failed: Error during WebSocket handshake: Unexpected response code: 404 @ webpack-internal:///(app-pages-browser)/./node_modules/next/dist/client/dev/hot-reloader/app/web-socket.js:55
[ 2972625ms] [ERROR] WebSocket connection to 'ws://nbrs-fe.test/_next/webpack-hmr?id=c43HfvDMgM-0zsytnzhCg' failed: Error during WebSocket handshake: Unexpected response code: 404 @ webpack-internal:///(app-pages-browser)/./node_modules/next/dist/client/dev/hot-reloader/app/web-socket.js:55
[ 2977907ms] [ERROR] WebSocket connection to 'ws://nbrs-fe.test/_next/webpack-hmr?id=c43HfvDMgM-0zsytnzhCg' failed: Error during WebSocket handshake: Unexpected response code: 404 @ webpack-internal:///(app-pages-browser)/./node_modules/next/dist/client/dev/hot-reloader/app/web-socket.js:55
[ 2983947ms] [ERROR] WebSocket connection to 'ws://nbrs-fe.test/_next/webpack-hmr?id=c43HfvDMgM-0zsytnzhCg' failed: Error during WebSocket handshake: Unexpected response code: 404 @ webpack-internal:///(app-pages-browser)/./node_modules/next/dist/client/dev/hot-reloader/app/web-socket.js:55
[ 2989785ms] [ERROR] WebSocket connection to 'ws://nbrs-fe.test/_next/webpack-hmr?id=c43HfvDMgM-0zsytnzhCg' failed: Error during WebSocket handshake: Unexpected response code: 404 @ webpack-internal:///(app-pages-browser)/./node_modules/next/dist/client/dev/hot-reloader/app/web-socket.js:55
[ 2993675ms] [ERROR] WebSocket connection to 'ws://nbrs-fe.test/_next/webpack-hmr?id=c43HfvDMgM-0zsytnzhCg' failed: Error during WebSocket handshake: Unexpected response code: 404 @ webpack-internal:///(app-pages-browser)/./node_modules/next/dist/client/dev/hot-reloader/app/web-socket.js:55
[ 3002347ms] [ERROR] WebSocket connection to 'ws://nbrs-fe.test/_next/webpack-hmr?id=c43HfvDMgM-0zsytnzhCg' failed: Error during WebSocket handshake: Unexpected response code: 404 @ webpack-internal:///(app-pages-browser)/./node_modules/next/dist/client/dev/hot-reloader/app/web-socket.js:55
[ 3011986ms] [ERROR] WebSocket connection to 'ws://nbrs-fe.test/_next/webpack-hmr?id=c43HfvDMgM-0zsytnzhCg' failed: Error during WebSocket handshake: Unexpected response code: 404 @ webpack-internal:///(app-pages-browser)/./node_modules/next/dist/client/dev/hot-reloader/app/web-socket.js:55
[ 3020630ms] [ERROR] WebSocket connection to 'ws://nbrs-fe.test/_next/webpack-hmr?id=c43HfvDMgM-0zsytnzhCg' failed: Error during WebSocket handshake: Unexpected response code: 404 @ webpack-internal:///(app-pages-browser)/./node_modules/next/dist/client/dev/hot-reloader/app/web-socket.js:55
[ 3028109ms] [ERROR] WebSocket connection to 'ws://nbrs-fe.test/_next/webpack-hmr?id=c43HfvDMgM-0zsytnzhCg' failed: Error during WebSocket handshake: Unexpected response code: 404 @ webpack-internal:///(app-pages-browser)/./node_modules/next/dist/client/dev/hot-reloader/app/web-socket.js:55
[ 3034282ms] [ERROR] WebSocket connection to 'ws://nbrs-fe.test/_next/webpack-hmr?id=c43HfvDMgM-0zsytnzhCg' failed: Error during WebSocket handshake: Unexpected response code: 404 @ webpack-internal:///(app-pages-browser)/./node_modules/next/dist/client/dev/hot-reloader/app/web-socket.js:55
[ 3039347ms] [ERROR] WebSocket connection to 'ws://nbrs-fe.test/_next/webpack-hmr?id=c43HfvDMgM-0zsytnzhCg' failed: Error during WebSocket handshake: Unexpected response code: 404 @ webpack-internal:///(app-pages-browser)/./node_modules/next/dist/client/dev/hot-reloader/app/web-socket.js:55
[ 3044467ms] [ERROR] WebSocket connection to 'ws://nbrs-fe.test/_next/webpack-hmr?id=c43HfvDMgM-0zsytnzhCg' failed: Error during WebSocket handshake: Unexpected response code: 404 @ webpack-internal:///(app-pages-browser)/./node_modules/next/dist/client/dev/hot-reloader/app/web-socket.js:55
[ 3046238ms] [INFO] %cDownload the React DevTools for a better development experience: https://react.dev/link/react-devtools font-weight:bold @ webpack-internal:///(app-pages-browser)/./node_modules/next/dist/next-devtools/shared/forward-logs-shared.js:27
[ 3047496ms] [ERROR] WebSocket connection to 'ws://nbrs-fe.test/_next/webpack-hmr?id=U_gaB46ULhcdjkzkEf0nw' failed: Error during WebSocket handshake: Unexpected response code: 404 @ webpack-internal:///(app-pages-browser)/./node_modules/next/dist/client/dev/hot-reloader/app/web-socket.js:55
[ 3049408ms] [ERROR] WebSocket connection to 'ws://nbrs-fe.test/_next/webpack-hmr?id=U_gaB46ULhcdjkzkEf0nw' failed: Error during WebSocket handshake: Unexpected response code: 404 @ webpack-internal:///(app-pages-browser)/./node_modules/next/dist/client/dev/hot-reloader/app/web-socket.js:55
[ 3050499ms] [ERROR] WebSocket connection to 'ws://nbrs-fe.test/_next/webpack-hmr?id=U_gaB46ULhcdjkzkEf0nw' failed: Error during WebSocket handshake: Unexpected response code: 404 @ webpack-internal:///(app-pages-browser)/./node_modules/next/dist/client/dev/hot-reloader/app/web-socket.js:55
[ 3051599ms] [ERROR] WebSocket connection to 'ws://nbrs-fe.test/_next/webpack-hmr?id=U_gaB46ULhcdjkzkEf0nw' failed: Error during WebSocket handshake: Unexpected response code: 404 @ webpack-internal:///(app-pages-browser)/./node_modules/next/dist/client/dev/hot-reloader/app/web-socket.js:55
[ 3052708ms] [ERROR] WebSocket connection to 'ws://nbrs-fe.test/_next/webpack-hmr?id=U_gaB46ULhcdjkzkEf0nw' failed: Error during WebSocket handshake: Unexpected response code: 404 @ webpack-internal:///(app-pages-browser)/./node_modules/next/dist/client/dev/hot-reloader/app/web-socket.js:55
[ 3053793ms] [ERROR] WebSocket connection to 'ws://nbrs-fe.test/_next/webpack-hmr?id=U_gaB46ULhcdjkzkEf0nw' failed: Error during WebSocket handshake: Unexpected response code: 404 @ webpack-internal:///(app-pages-browser)/./node_modules/next/dist/client/dev/hot-reloader/app/web-socket.js:55
[ 3058873ms] [ERROR] WebSocket connection to 'ws://nbrs-fe.test/_next/webpack-hmr?id=U_gaB46ULhcdjkzkEf0nw' failed: Error during WebSocket handshake: Unexpected response code: 404 @ webpack-internal:///(app-pages-browser)/./node_modules/next/dist/client/dev/hot-reloader/app/web-socket.js:55
[ 3064058ms] [ERROR] WebSocket connection to 'ws://nbrs-fe.test/_next/webpack-hmr?id=U_gaB46ULhcdjkzkEf0nw' failed: Error during WebSocket handshake: Unexpected response code: 404 @ webpack-internal:///(app-pages-browser)/./node_modules/next/dist/client/dev/hot-reloader/app/web-socket.js:55
[ 3069188ms] [ERROR] WebSocket connection to 'ws://nbrs-fe.test/_next/webpack-hmr?id=U_gaB46ULhcdjkzkEf0nw' failed: Error during WebSocket handshake: Unexpected response code: 404 @ webpack-internal:///(app-pages-browser)/./node_modules/next/dist/client/dev/hot-reloader/app/web-socket.js:55
[ 3074356ms] [ERROR] WebSocket connection to 'ws://nbrs-fe.test/_next/webpack-hmr?id=U_gaB46ULhcdjkzkEf0nw' failed: Error during WebSocket handshake: Unexpected response code: 404 @ webpack-internal:///(app-pages-browser)/./node_modules/next/dist/client/dev/hot-reloader/app/web-socket.js:55
[ 3079553ms] [ERROR] WebSocket connection to 'ws://nbrs-fe.test/_next/webpack-hmr?id=U_gaB46ULhcdjkzkEf0nw' failed: Error during WebSocket handshake: Unexpected response code: 404 @ webpack-internal:///(app-pages-browser)/./node_modules/next/dist/client/dev/hot-reloader/app/web-socket.js:55
[ 3084781ms] [ERROR] WebSocket connection to 'ws://nbrs-fe.test/_next/webpack-hmr?id=U_gaB46ULhcdjkzkEf0nw' failed: Error during WebSocket handshake: Unexpected response code: 404 @ webpack-internal:///(app-pages-browser)/./node_modules/next/dist/client/dev/hot-reloader/app/web-socket.js:55
[ 3091037ms] [ERROR] WebSocket connection to 'ws://nbrs-fe.test/_next/webpack-hmr?id=U_gaB46ULhcdjkzkEf0nw' failed: Error during WebSocket handshake: Unexpected response code: 404 @ webpack-internal:///(app-pages-browser)/./node_modules/next/dist/client/dev/hot-reloader/app/web-socket.js:55
[ 3092678ms] [INFO] %cDownload the React DevTools for a better development experience: https://react.dev/link/react-devtools font-weight:bold @ webpack-internal:///(app-pages-browser)/./node_modules/next/dist/next-devtools/shared/forward-logs-shared.js:27
[ 3094329ms] [ERROR] WebSocket connection to 'ws://nbrs-fe.test/_next/webpack-hmr?id=z9yccRI4AB98fRbB-v5QY' failed: Error during WebSocket handshake: Unexpected response code: 404 @ webpack-internal:///(app-pages-browser)/./node_modules/next/dist/client/dev/hot-reloader/app/web-socket.js:55
[ 3097369ms] [ERROR] WebSocket connection to 'ws://nbrs-fe.test/_next/webpack-hmr?id=z9yccRI4AB98fRbB-v5QY' failed: Error during WebSocket handshake: Unexpected response code: 404 @ webpack-internal:///(app-pages-browser)/./node_modules/next/dist/client/dev/hot-reloader/app/web-socket.js:55
[ 3102145ms] [ERROR] WebSocket connection to 'ws://nbrs-fe.test/_next/webpack-hmr?id=z9yccRI4AB98fRbB-v5QY' failed: Error during WebSocket handshake: Unexpected response code: 404 @ webpack-internal:///(app-pages-browser)/./node_modules/next/dist/client/dev/hot-reloader/app/web-socket.js:55
[ 3105124ms] [ERROR] WebSocket connection to 'ws://nbrs-fe.test/_next/webpack-hmr?id=z9yccRI4AB98fRbB-v5QY' failed: Error during WebSocket handshake: Unexpected response code: 404 @ webpack-internal:///(app-pages-browser)/./node_modules/next/dist/client/dev/hot-reloader/app/web-socket.js:55
[ 3109959ms] [ERROR] WebSocket connection to 'ws://nbrs-fe.test/_next/webpack-hmr?id=z9yccRI4AB98fRbB-v5QY' failed: Error during WebSocket handshake: Unexpected response code: 404 @ webpack-internal:///(app-pages-browser)/./node_modules/next/dist/client/dev/hot-reloader/app/web-socket.js:55
[ 3113753ms] [ERROR] WebSocket connection to 'ws://nbrs-fe.test/_next/webpack-hmr?id=z9yccRI4AB98fRbB-v5QY' failed: Error during WebSocket handshake: Unexpected response code: 404 @ webpack-internal:///(app-pages-browser)/./node_modules/next/dist/client/dev/hot-reloader/app/web-socket.js:55
[ 3122267ms] [ERROR] WebSocket connection to 'ws://nbrs-fe.test/_next/webpack-hmr?id=z9yccRI4AB98fRbB-v5QY' failed: Error during WebSocket handshake: Unexpected response code: 404 @ webpack-internal:///(app-pages-browser)/./node_modules/next/dist/client/dev/hot-reloader/app/web-socket.js:55
[ 3130104ms] [ERROR] WebSocket connection to 'ws://nbrs-fe.test/_next/webpack-hmr?id=z9yccRI4AB98fRbB-v5QY' failed: Error during WebSocket handshake: Unexpected response code: 404 @ webpack-internal:///(app-pages-browser)/./node_modules/next/dist/client/dev/hot-reloader/app/web-socket.js:55
[ 3138547ms] [ERROR] WebSocket connection to 'ws://nbrs-fe.test/_next/webpack-hmr?id=z9yccRI4AB98fRbB-v5QY' failed: Error during WebSocket handshake: Unexpected response code: 404 @ webpack-internal:///(app-pages-browser)/./node_modules/next/dist/client/dev/hot-reloader/app/web-socket.js:55
[ 3146413ms] [ERROR] WebSocket connection to 'ws://nbrs-fe.test/_next/webpack-hmr?id=z9yccRI4AB98fRbB-v5QY' failed: Error during WebSocket handshake: Unexpected response code: 404 @ webpack-internal:///(app-pages-browser)/./node_modules/next/dist/client/dev/hot-reloader/app/web-socket.js:55
[ 3152543ms] [ERROR] WebSocket connection to 'ws://nbrs-fe.test/_next/webpack-hmr?id=z9yccRI4AB98fRbB-v5QY' failed: Error during WebSocket handshake: Unexpected response code: 404 @ webpack-internal:///(app-pages-browser)/./node_modules/next/dist/client/dev/hot-reloader/app/web-socket.js:55
[ 3160629ms] [ERROR] WebSocket connection to 'ws://nbrs-fe.test/_next/webpack-hmr?id=z9yccRI4AB98fRbB-v5QY' failed: Error during WebSocket handshake: Unexpected response code: 404 @ webpack-internal:///(app-pages-browser)/./node_modules/next/dist/client/dev/hot-reloader/app/web-socket.js:55
[ 3170536ms] [ERROR] WebSocket connection to 'ws://nbrs-fe.test/_next/webpack-hmr?id=z9yccRI4AB98fRbB-v5QY' failed: Error during WebSocket handshake: Unexpected response code: 404 @ webpack-internal:///(app-pages-browser)/./node_modules/next/dist/client/dev/hot-reloader/app/web-socket.js:55
[ 3174175ms] [INFO] %cDownload the React DevTools for a better development experience: https://react.dev/link/react-devtools font-weight:bold @ webpack-internal:///(app-pages-browser)/./node_modules/next/dist/next-devtools/shared/forward-logs-shared.js:27
[ 3176096ms] [ERROR] WebSocket connection to 'ws://nbrs-fe.test/_next/webpack-hmr?id=yGp9jU-U097Xl9Ew36FN6' failed: Error during WebSocket handshake: Unexpected response code: 404 @ webpack-internal:///(app-pages-browser)/./node_modules/next/dist/client/dev/hot-reloader/app/web-socket.js:55
[ 3181959ms] [ERROR] WebSocket connection to 'ws://nbrs-fe.test/_next/webpack-hmr?id=yGp9jU-U097Xl9Ew36FN6' failed: Error during WebSocket handshake: Unexpected response code: 404 @ webpack-internal:///(app-pages-browser)/./node_modules/next/dist/client/dev/hot-reloader/app/web-socket.js:55
[ 3184110ms] [ERROR] WebSocket connection to 'ws://nbrs-fe.test/_next/webpack-hmr?id=yGp9jU-U097Xl9Ew36FN6' failed: Error during WebSocket handshake: Unexpected response code: 404 @ webpack-internal:///(app-pages-browser)/./node_modules/next/dist/client/dev/hot-reloader/app/web-socket.js:55
[ 3187572ms] [ERROR] WebSocket connection to 'ws://nbrs-fe.test/_next/webpack-hmr?id=yGp9jU-U097Xl9Ew36FN6' failed: Error during WebSocket handshake: Unexpected response code: 404 @ webpack-internal:///(app-pages-browser)/./node_modules/next/dist/client/dev/hot-reloader/app/web-socket.js:55
[ 3191244ms] [ERROR] WebSocket connection to 'ws://nbrs-fe.test/_next/webpack-hmr?id=yGp9jU-U097Xl9Ew36FN6' failed: Error during WebSocket handshake: Unexpected response code: 404 @ webpack-internal:///(app-pages-browser)/./node_modules/next/dist/client/dev/hot-reloader/app/web-socket.js:55
[ 3195803ms] [ERROR] WebSocket connection to 'ws://nbrs-fe.test/_next/webpack-hmr?id=yGp9jU-U097Xl9Ew36FN6' failed: Error during WebSocket handshake: Unexpected response code: 404 @ webpack-internal:///(app-pages-browser)/./node_modules/next/dist/client/dev/hot-reloader/app/web-socket.js:55
[ 3205463ms] [ERROR] WebSocket connection to 'ws://nbrs-fe.test/_next/webpack-hmr?id=yGp9jU-U097Xl9Ew36FN6' failed: Error during WebSocket handshake: Unexpected response code: 404 @ webpack-internal:///(app-pages-browser)/./node_modules/next/dist/client/dev/hot-reloader/app/web-socket.js:55
[ 3213567ms] [ERROR] WebSocket connection to 'ws://nbrs-fe.test/_next/webpack-hmr?id=yGp9jU-U097Xl9Ew36FN6' failed: Error during WebSocket handshake: Unexpected response code: 404 @ webpack-internal:///(app-pages-browser)/./node_modules/next/dist/client/dev/hot-reloader/app/web-socket.js:55
[ 3220980ms] [ERROR] WebSocket connection to 'ws://nbrs-fe.test/_next/webpack-hmr?id=yGp9jU-U097Xl9Ew36FN6' failed: Error during WebSocket handshake: Unexpected response code: 404 @ webpack-internal:///(app-pages-browser)/./node_modules/next/dist/client/dev/hot-reloader/app/web-socket.js:55
[ 3229191ms] [ERROR] WebSocket connection to 'ws://nbrs-fe.test/_next/webpack-hmr?id=yGp9jU-U097Xl9Ew36FN6' failed: Error during WebSocket handshake: Unexpected response code: 404 @ webpack-internal:///(app-pages-browser)/./node_modules/next/dist/client/dev/hot-reloader/app/web-socket.js:55
[ 3238090ms] [ERROR] WebSocket connection to 'ws://nbrs-fe.test/_next/webpack-hmr?id=yGp9jU-U097Xl9Ew36FN6' failed: Error during WebSocket handshake: Unexpected response code: 404 @ webpack-internal:///(app-pages-browser)/./node_modules/next/dist/client/dev/hot-reloader/app/web-socket.js:55
[ 3246224ms] [ERROR] WebSocket connection to 'ws://nbrs-fe.test/_next/webpack-hmr?id=yGp9jU-U097Xl9Ew36FN6' failed: Error during WebSocket handshake: Unexpected response code: 404 @ webpack-internal:///(app-pages-browser)/./node_modules/next/dist/client/dev/hot-reloader/app/web-socket.js:55
[ 3254408ms] [ERROR] WebSocket connection to 'ws://nbrs-fe.test/_next/webpack-hmr?id=yGp9jU-U097Xl9Ew36FN6' failed: Error during WebSocket handshake: Unexpected response code: 404 @ webpack-internal:///(app-pages-browser)/./node_modules/next/dist/client/dev/hot-reloader/app/web-socket.js:55
[ 3256707ms] [INFO] %cDownload the React DevTools for a better development experience: https://react.dev/link/react-devtools font-weight:bold @ webpack-internal:///(app-pages-browser)/./node_modules/next/dist/next-devtools/shared/forward-logs-shared.js:27
[ 3258354ms] [ERROR] WebSocket connection to 'ws://nbrs-fe.test/_next/webpack-hmr?id=anMmgm2pYwFlJodH3WgnB' failed: Error during WebSocket handshake: Unexpected response code: 404 @ webpack-internal:///(app-pages-browser)/./node_modules/next/dist/client/dev/hot-reloader/app/web-socket.js:55
[ 3261781ms] [ERROR] WebSocket connection to 'ws://nbrs-fe.test/_next/webpack-hmr?id=anMmgm2pYwFlJodH3WgnB' failed: Error during WebSocket handshake: Unexpected response code: 404 @ webpack-internal:///(app-pages-browser)/./node_modules/next/dist/client/dev/hot-reloader/app/web-socket.js:55
[ 3266371ms] [ERROR] WebSocket connection to 'ws://nbrs-fe.test/_next/webpack-hmr?id=anMmgm2pYwFlJodH3WgnB' failed: Error during WebSocket handshake: Unexpected response code: 404 @ webpack-internal:///(app-pages-browser)/./node_modules/next/dist/client/dev/hot-reloader/app/web-socket.js:55
[ 3268800ms] [ERROR] WebSocket connection to 'ws://nbrs-fe.test/_next/webpack-hmr?id=anMmgm2pYwFlJodH3WgnB' failed: Error during WebSocket handshake: Unexpected response code: 404 @ webpack-internal:///(app-pages-browser)/./node_modules/next/dist/client/dev/hot-reloader/app/web-socket.js:55
[ 3273003ms] [ERROR] WebSocket connection to 'ws://nbrs-fe.test/_next/webpack-hmr?id=anMmgm2pYwFlJodH3WgnB' failed: Error during WebSocket handshake: Unexpected response code: 404 @ webpack-internal:///(app-pages-browser)/./node_modules/next/dist/client/dev/hot-reloader/app/web-socket.js:55
[ 3277356ms] [ERROR] WebSocket connection to 'ws://nbrs-fe.test/_next/webpack-hmr?id=anMmgm2pYwFlJodH3WgnB' failed: Error during WebSocket handshake: Unexpected response code: 404 @ webpack-internal:///(app-pages-browser)/./node_modules/next/dist/client/dev/hot-reloader/app/web-socket.js:55
[ 3282403ms] [ERROR] WebSocket connection to 'ws://nbrs-fe.test/_next/webpack-hmr?id=anMmgm2pYwFlJodH3WgnB' failed: Error during WebSocket handshake: Unexpected response code: 404 @ webpack-internal:///(app-pages-browser)/./node_modules/next/dist/client/dev/hot-reloader/app/web-socket.js:55
[ 3287465ms] [ERROR] WebSocket connection to 'ws://nbrs-fe.test/_next/webpack-hmr?id=anMmgm2pYwFlJodH3WgnB' failed: Error during WebSocket handshake: Unexpected response code: 404 @ webpack-internal:///(app-pages-browser)/./node_modules/next/dist/client/dev/hot-reloader/app/web-socket.js:55
[ 3292590ms] [ERROR] WebSocket connection to 'ws://nbrs-fe.test/_next/webpack-hmr?id=anMmgm2pYwFlJodH3WgnB' failed: Error during WebSocket handshake: Unexpected response code: 404 @ webpack-internal:///(app-pages-browser)/./node_modules/next/dist/client/dev/hot-reloader/app/web-socket.js:55
[ 3297641ms] [ERROR] WebSocket connection to 'ws://nbrs-fe.test/_next/webpack-hmr?id=anMmgm2pYwFlJodH3WgnB' failed: Error during WebSocket handshake: Unexpected response code: 404 @ webpack-internal:///(app-pages-browser)/./node_modules/next/dist/client/dev/hot-reloader/app/web-socket.js:55
[ 3302711ms] [ERROR] WebSocket connection to 'ws://nbrs-fe.test/_next/webpack-hmr?id=anMmgm2pYwFlJodH3WgnB' failed: Error during WebSocket handshake: Unexpected response code: 404 @ webpack-internal:///(app-pages-browser)/./node_modules/next/dist/client/dev/hot-reloader/app/web-socket.js:55
[ 3307774ms] [ERROR] WebSocket connection to 'ws://nbrs-fe.test/_next/webpack-hmr?id=anMmgm2pYwFlJodH3WgnB' failed: Error during WebSocket handshake: Unexpected response code: 404 @ webpack-internal:///(app-pages-browser)/./node_modules/next/dist/client/dev/hot-reloader/app/web-socket.js:55
[ 3312836ms] [ERROR] WebSocket connection to 'ws://nbrs-fe.test/_next/webpack-hmr?id=anMmgm2pYwFlJodH3WgnB' failed: Error during WebSocket handshake: Unexpected response code: 404 @ webpack-internal:///(app-pages-browser)/./node_modules/next/dist/client/dev/hot-reloader/app/web-socket.js:55
[ 3314217ms] [INFO] %cDownload the React DevTools for a better development experience: https://react.dev/link/react-devtools font-weight:bold @ webpack-internal:///(app-pages-browser)/./node_modules/next/dist/next-devtools/shared/forward-logs-shared.js:27
[ 3315347ms] [ERROR] WebSocket connection to 'ws://nbrs-fe.test/_next/webpack-hmr?id=lCmb75oDQi6zZibi3u00b' failed: Error during WebSocket handshake: Unexpected response code: 404 @ webpack-internal:///(app-pages-browser)/./node_modules/next/dist/client/dev/hot-reloader/app/web-socket.js:55
[ 3316484ms] [ERROR] WebSocket connection to 'ws://nbrs-fe.test/_next/webpack-hmr?id=lCmb75oDQi6zZibi3u00b' failed: Error during WebSocket handshake: Unexpected response code: 404 @ webpack-internal:///(app-pages-browser)/./node_modules/next/dist/client/dev/hot-reloader/app/web-socket.js:55
[ 3317595ms] [ERROR] WebSocket connection to 'ws://nbrs-fe.test/_next/webpack-hmr?id=lCmb75oDQi6zZibi3u00b' failed: Error during WebSocket handshake: Unexpected response code: 404 @ webpack-internal:///(app-pages-browser)/./node_modules/next/dist/client/dev/hot-reloader/app/web-socket.js:55
[ 3318767ms] [ERROR] WebSocket connection to 'ws://nbrs-fe.test/_next/webpack-hmr?id=lCmb75oDQi6zZibi3u00b' failed: Error during WebSocket handshake: Unexpected response code: 404 @ webpack-internal:///(app-pages-browser)/./node_modules/next/dist/client/dev/hot-reloader/app/web-socket.js:55
[ 3319971ms] [ERROR] WebSocket connection to 'ws://nbrs-fe.test/_next/webpack-hmr?id=lCmb75oDQi6zZibi3u00b' failed: Error during WebSocket handshake: Unexpected response code: 404 @ webpack-internal:///(app-pages-browser)/./node_modules/next/dist/client/dev/hot-reloader/app/web-socket.js:55
[ 3321224ms] [ERROR] WebSocket connection to 'ws://nbrs-fe.test/_next/webpack-hmr?id=lCmb75oDQi6zZibi3u00b' failed: Error during WebSocket handshake: Unexpected response code: 404 @ webpack-internal:///(app-pages-browser)/./node_modules/next/dist/client/dev/hot-reloader/app/web-socket.js:55
[ 3326634ms] [ERROR] WebSocket connection to 'ws://nbrs-fe.test/_next/webpack-hmr?id=lCmb75oDQi6zZibi3u00b' failed: Error during WebSocket handshake: Unexpected response code: 404 @ webpack-internal:///(app-pages-browser)/./node_modules/next/dist/client/dev/hot-reloader/app/web-socket.js:55
[ 3332471ms] [ERROR] WebSocket connection to 'ws://nbrs-fe.test/_next/webpack-hmr?id=lCmb75oDQi6zZibi3u00b' failed: Error during WebSocket handshake: Unexpected response code: 404 @ webpack-internal:///(app-pages-browser)/./node_modules/next/dist/client/dev/hot-reloader/app/web-socket.js:55
[ 3340326ms] [ERROR] WebSocket connection to 'ws://nbrs-fe.test/_next/webpack-hmr?id=lCmb75oDQi6zZibi3u00b' failed: Error during WebSocket handshake: Unexpected response code: 404 @ webpack-internal:///(app-pages-browser)/./node_modules/next/dist/client/dev/hot-reloader/app/web-socket.js:55
[ 3347359ms] [ERROR] WebSocket connection to 'ws://nbrs-fe.test/_next/webpack-hmr?id=lCmb75oDQi6zZibi3u00b' failed: Error during WebSocket handshake: Unexpected response code: 404 @ webpack-internal:///(app-pages-browser)/./node_modules/next/dist/client/dev/hot-reloader/app/web-socket.js:55
[ 3354367ms] [ERROR] WebSocket connection to 'ws://nbrs-fe.test/_next/webpack-hmr?id=lCmb75oDQi6zZibi3u00b' failed: Error during WebSocket handshake: Unexpected response code: 404 @ webpack-internal:///(app-pages-browser)/./node_modules/next/dist/client/dev/hot-reloader/app/web-socket.js:55
[ 3362868ms] [ERROR] WebSocket connection to 'ws://nbrs-fe.test/_next/webpack-hmr?id=lCmb75oDQi6zZibi3u00b' failed: Error during WebSocket handshake: Unexpected response code: 404 @ webpack-internal:///(app-pages-browser)/./node_modules/next/dist/client/dev/hot-reloader/app/web-socket.js:55
[ 3370448ms] [ERROR] WebSocket connection to 'ws://nbrs-fe.test/_next/webpack-hmr?id=lCmb75oDQi6zZibi3u00b' failed: Error during WebSocket handshake: Unexpected response code: 404 @ webpack-internal:///(app-pages-browser)/./node_modules/next/dist/client/dev/hot-reloader/app/web-socket.js:55
[ 3372968ms] [INFO] %cDownload the React DevTools for a better development experience: https://react.dev/link/react-devtools font-weight:bold @ webpack-internal:///(app-pages-browser)/./node_modules/next/dist/next-devtools/shared/forward-logs-shared.js:27
[ 3377068ms] [ERROR] WebSocket connection to 'ws://nbrs-fe.test/_next/webpack-hmr?id=wnqswWLMddutbQoDepnhh' failed: Error during WebSocket handshake: Unexpected response code: 404 @ webpack-internal:///(app-pages-browser)/./node_modules/next/dist/client/dev/hot-reloader/app/web-socket.js:55
[ 3380456ms] [ERROR] WebSocket connection to 'ws://nbrs-fe.test/_next/webpack-hmr?id=wnqswWLMddutbQoDepnhh' failed: Error during WebSocket handshake: Unexpected response code: 404 @ webpack-internal:///(app-pages-browser)/./node_modules/next/dist/client/dev/hot-reloader/app/web-socket.js:55
[ 3385311ms] [ERROR] WebSocket connection to 'ws://nbrs-fe.test/_next/webpack-hmr?id=wnqswWLMddutbQoDepnhh' failed: Error during WebSocket handshake: Unexpected response code: 404 @ webpack-internal:///(app-pages-browser)/./node_modules/next/dist/client/dev/hot-reloader/app/web-socket.js:55
[ 3390904ms] [ERROR] WebSocket connection to 'ws://nbrs-fe.test/_next/webpack-hmr?id=wnqswWLMddutbQoDepnhh' failed: Error during WebSocket handshake: Unexpected response code: 404 @ webpack-internal:///(app-pages-browser)/./node_modules/next/dist/client/dev/hot-reloader/app/web-socket.js:55
[ 3393744ms] [ERROR] WebSocket connection to 'ws://nbrs-fe.test/_next/webpack-hmr?id=wnqswWLMddutbQoDepnhh' failed: Error during WebSocket handshake: Unexpected response code: 404 @ webpack-internal:///(app-pages-browser)/./node_modules/next/dist/client/dev/hot-reloader/app/web-socket.js:55
[ 3396459ms] [ERROR] WebSocket connection to 'ws://nbrs-fe.test/_next/webpack-hmr?id=wnqswWLMddutbQoDepnhh' failed: Error during WebSocket handshake: Unexpected response code: 404 @ webpack-internal:///(app-pages-browser)/./node_modules/next/dist/client/dev/hot-reloader/app/web-socket.js:55
[ 3403697ms] [ERROR] WebSocket connection to 'ws://nbrs-fe.test/_next/webpack-hmr?id=wnqswWLMddutbQoDepnhh' failed: Error during WebSocket handshake: Unexpected response code: 404 @ webpack-internal:///(app-pages-browser)/./node_modules/next/dist/client/dev/hot-reloader/app/web-socket.js:55
[ 3410592ms] [ERROR] WebSocket connection to 'ws://nbrs-fe.test/_next/webpack-hmr?id=wnqswWLMddutbQoDepnhh' failed: Error during WebSocket handshake: Unexpected response code: 404 @ webpack-internal:///(app-pages-browser)/./node_modules/next/dist/client/dev/hot-reloader/app/web-socket.js:55
[ 3418031ms] [ERROR] WebSocket connection to 'ws://nbrs-fe.test/_next/webpack-hmr?id=wnqswWLMddutbQoDepnhh' failed: Error during WebSocket handshake: Unexpected response code: 404 @ webpack-internal:///(app-pages-browser)/./node_modules/next/dist/client/dev/hot-reloader/app/web-socket.js:55
[ 3425159ms] [ERROR] WebSocket connection to 'ws://nbrs-fe.test/_next/webpack-hmr?id=wnqswWLMddutbQoDepnhh' failed: Error during WebSocket handshake: Unexpected response code: 404 @ webpack-internal:///(app-pages-browser)/./node_modules/next/dist/client/dev/hot-reloader/app/web-socket.js:55
[ 3433573ms] [ERROR] WebSocket connection to 'ws://nbrs-fe.test/_next/webpack-hmr?id=wnqswWLMddutbQoDepnhh' failed: Error during WebSocket handshake: Unexpected response code: 404 @ webpack-internal:///(app-pages-browser)/./node_modules/next/dist/client/dev/hot-reloader/app/web-socket.js:55
[ 3442670ms] [ERROR] WebSocket connection to 'ws://nbrs-fe.test/_next/webpack-hmr?id=wnqswWLMddutbQoDepnhh' failed: Error during WebSocket handshake: Unexpected response code: 404 @ webpack-internal:///(app-pages-browser)/./node_modules/next/dist/client/dev/hot-reloader/app/web-socket.js:55
[ 3451685ms] [ERROR] WebSocket connection to 'ws://nbrs-fe.test/_next/webpack-hmr?id=wnqswWLMddutbQoDepnhh' failed: Error during WebSocket handshake: Unexpected response code: 404 @ webpack-internal:///(app-pages-browser)/./node_modules/next/dist/client/dev/hot-reloader/app/web-socket.js:55
[ 3453352ms] [INFO] %cDownload the React DevTools for a better development experience: https://react.dev/link/react-devtools font-weight:bold @ webpack-internal:///(app-pages-browser)/./node_modules/next/dist/next-devtools/shared/forward-logs-shared.js:27
[ 3455215ms] [ERROR] WebSocket connection to 'ws://nbrs-fe.test/_next/webpack-hmr?id=diO2k7Y_uR_2NgMoo61d9' failed: Error during WebSocket handshake: Unexpected response code: 404 @ webpack-internal:///(app-pages-browser)/./node_modules/next/dist/client/dev/hot-reloader/app/web-socket.js:55
[ 3458818ms] [ERROR] WebSocket connection to 'ws://nbrs-fe.test/_next/webpack-hmr?id=diO2k7Y_uR_2NgMoo61d9' failed: Error during WebSocket handshake: Unexpected response code: 404 @ webpack-internal:///(app-pages-browser)/./node_modules/next/dist/client/dev/hot-reloader/app/web-socket.js:55
[ 3461185ms] [ERROR] WebSocket connection to 'ws://nbrs-fe.test/_next/webpack-hmr?id=diO2k7Y_uR_2NgMoo61d9' failed: Error during WebSocket handshake: Unexpected response code: 404 @ webpack-internal:///(app-pages-browser)/./node_modules/next/dist/client/dev/hot-reloader/app/web-socket.js:55
[ 3463574ms] [ERROR] WebSocket connection to 'ws://nbrs-fe.test/_next/webpack-hmr?id=diO2k7Y_uR_2NgMoo61d9' failed: Error during WebSocket handshake: Unexpected response code: 404 @ webpack-internal:///(app-pages-browser)/./node_modules/next/dist/client/dev/hot-reloader/app/web-socket.js:55
[ 3466622ms] [ERROR] WebSocket connection to 'ws://nbrs-fe.test/_next/webpack-hmr?id=diO2k7Y_uR_2NgMoo61d9' failed: Error during WebSocket handshake: Unexpected response code: 404 @ webpack-internal:///(app-pages-browser)/./node_modules/next/dist/client/dev/hot-reloader/app/web-socket.js:55
[ 3469365ms] [ERROR] WebSocket connection to 'ws://nbrs-fe.test/_next/webpack-hmr?id=diO2k7Y_uR_2NgMoo61d9' failed: Error during WebSocket handshake: Unexpected response code: 404 @ webpack-internal:///(app-pages-browser)/./node_modules/next/dist/client/dev/hot-reloader/app/web-socket.js:55
[ 3478839ms] [ERROR] WebSocket connection to 'ws://nbrs-fe.test/_next/webpack-hmr?id=diO2k7Y_uR_2NgMoo61d9' failed: Error during WebSocket handshake: Unexpected response code: 404 @ webpack-internal:///(app-pages-browser)/./node_modules/next/dist/client/dev/hot-reloader/app/web-socket.js:55
[ 3487388ms] [ERROR] WebSocket connection to 'ws://nbrs-fe.test/_next/webpack-hmr?id=diO2k7Y_uR_2NgMoo61d9' failed: Error during WebSocket handshake: Unexpected response code: 404 @ webpack-internal:///(app-pages-browser)/./node_modules/next/dist/client/dev/hot-reloader/app/web-socket.js:55
[ 3496505ms] [ERROR] WebSocket connection to 'ws://nbrs-fe.test/_next/webpack-hmr?id=diO2k7Y_uR_2NgMoo61d9' failed: Error during WebSocket handshake: Unexpected response code: 404 @ webpack-internal:///(app-pages-browser)/./node_modules/next/dist/client/dev/hot-reloader/app/web-socket.js:55
[ 3505091ms] [ERROR] WebSocket connection to 'ws://nbrs-fe.test/_next/webpack-hmr?id=diO2k7Y_uR_2NgMoo61d9' failed: Error during WebSocket handshake: Unexpected response code: 404 @ webpack-internal:///(app-pages-browser)/./node_modules/next/dist/client/dev/hot-reloader/app/web-socket.js:55
[ 3514367ms] [ERROR] WebSocket connection to 'ws://nbrs-fe.test/_next/webpack-hmr?id=diO2k7Y_uR_2NgMoo61d9' failed: Error during WebSocket handshake: Unexpected response code: 404 @ webpack-internal:///(app-pages-browser)/./node_modules/next/dist/client/dev/hot-reloader/app/web-socket.js:55
[ 3523274ms] [ERROR] WebSocket connection to 'ws://nbrs-fe.test/_next/webpack-hmr?id=diO2k7Y_uR_2NgMoo61d9' failed: Error during WebSocket handshake: Unexpected response code: 404 @ webpack-internal:///(app-pages-browser)/./node_modules/next/dist/client/dev/hot-reloader/app/web-socket.js:55
[ 3531207ms] [ERROR] WebSocket connection to 'ws://nbrs-fe.test/_next/webpack-hmr?id=diO2k7Y_uR_2NgMoo61d9' failed: Error during WebSocket handshake: Unexpected response code: 404 @ webpack-internal:///(app-pages-browser)/./node_modules/next/dist/client/dev/hot-reloader/app/web-socket.js:55
[ 3532960ms] [INFO] %cDownload the React DevTools for a better development experience: https://react.dev/link/react-devtools font-weight:bold @ webpack-internal:///(app-pages-browser)/./node_modules/next/dist/next-devtools/shared/forward-logs-shared.js:27
[ 3536642ms] [ERROR] WebSocket connection to 'ws://nbrs-fe.test/_next/webpack-hmr?id=njaGfvu1GTnYeFhCAH3HY' failed: Error during WebSocket handshake: Unexpected response code: 404 @ webpack-internal:///(app-pages-browser)/./node_modules/next/dist/client/dev/hot-reloader/app/web-socket.js:55
[ 3542552ms] [ERROR] WebSocket connection to 'ws://nbrs-fe.test/_next/webpack-hmr?id=njaGfvu1GTnYeFhCAH3HY' failed: Error during WebSocket handshake: Unexpected response code: 404 @ webpack-internal:///(app-pages-browser)/./node_modules/next/dist/client/dev/hot-reloader/app/web-socket.js:55
[ 3544745ms] [ERROR] WebSocket connection to 'ws://nbrs-fe.test/_next/webpack-hmr?id=njaGfvu1GTnYeFhCAH3HY' failed: Error during WebSocket handshake: Unexpected response code: 404 @ webpack-internal:///(app-pages-browser)/./node_modules/next/dist/client/dev/hot-reloader/app/web-socket.js:55
[ 3549252ms] [ERROR] WebSocket connection to 'ws://nbrs-fe.test/_next/webpack-hmr?id=njaGfvu1GTnYeFhCAH3HY' failed: Error during WebSocket handshake: Unexpected response code: 404 @ webpack-internal:///(app-pages-browser)/./node_modules/next/dist/client/dev/hot-reloader/app/web-socket.js:55
[ 3552084ms] [ERROR] WebSocket connection to 'ws://nbrs-fe.test/_next/webpack-hmr?id=njaGfvu1GTnYeFhCAH3HY' failed: Error during WebSocket handshake: Unexpected response code: 404 @ webpack-internal:///(app-pages-browser)/./node_modules/next/dist/client/dev/hot-reloader/app/web-socket.js:55
[ 3555362ms] [ERROR] WebSocket connection to 'ws://nbrs-fe.test/_next/webpack-hmr?id=njaGfvu1GTnYeFhCAH3HY' failed: Error during WebSocket handshake: Unexpected response code: 404 @ webpack-internal:///(app-pages-browser)/./node_modules/next/dist/client/dev/hot-reloader/app/web-socket.js:55
[ 3565009ms] [ERROR] WebSocket connection to 'ws://nbrs-fe.test/_next/webpack-hmr?id=njaGfvu1GTnYeFhCAH3HY' failed: Error during WebSocket handshake: Unexpected response code: 404 @ webpack-internal:///(app-pages-browser)/./node_modules/next/dist/client/dev/hot-reloader/app/web-socket.js:55
[ 3574636ms] [ERROR] WebSocket connection to 'ws://nbrs-fe.test/_next/webpack-hmr?id=njaGfvu1GTnYeFhCAH3HY' failed: Error during WebSocket handshake: Unexpected response code: 404 @ webpack-internal:///(app-pages-browser)/./node_modules/next/dist/client/dev/hot-reloader/app/web-socket.js:55
[ 3581001ms] [ERROR] WebSocket connection to 'ws://nbrs-fe.test/_next/webpack-hmr?id=njaGfvu1GTnYeFhCAH3HY' failed: Error during WebSocket handshake: Unexpected response code: 404 @ webpack-internal:///(app-pages-browser)/./node_modules/next/dist/client/dev/hot-reloader/app/web-socket.js:55
[ 3589513ms] [ERROR] WebSocket connection to 'ws://nbrs-fe.test/_next/webpack-hmr?id=njaGfvu1GTnYeFhCAH3HY' failed: Error during WebSocket handshake: Unexpected response code: 404 @ webpack-internal:///(app-pages-browser)/./node_modules/next/dist/client/dev/hot-reloader/app/web-socket.js:55
[ 3597367ms] [ERROR] WebSocket connection to 'ws://nbrs-fe.test/_next/webpack-hmr?id=njaGfvu1GTnYeFhCAH3HY' failed: Error during WebSocket handshake: Unexpected response code: 404 @ webpack-internal:///(app-pages-browser)/./node_modules/next/dist/client/dev/hot-reloader/app/web-socket.js:55
[ 3604192ms] [ERROR] WebSocket connection to 'ws://nbrs-fe.test/_next/webpack-hmr?id=njaGfvu1GTnYeFhCAH3HY' failed: Error during WebSocket handshake: Unexpected response code: 404 @ webpack-internal:///(app-pages-browser)/./node_modules/next/dist/client/dev/hot-reloader/app/web-socket.js:55
[ 3611999ms] [ERROR] WebSocket connection to 'ws://nbrs-fe.test/_next/webpack-hmr?id=njaGfvu1GTnYeFhCAH3HY' failed: Error during WebSocket handshake: Unexpected response code: 404 @ webpack-internal:///(app-pages-browser)/./node_modules/next/dist/client/dev/hot-reloader/app/web-socket.js:55
[ 3613275ms] [INFO] %cDownload the React DevTools for a better development experience: https://react.dev/link/react-devtools font-weight:bold @ webpack-internal:///(app-pages-browser)/./node_modules/next/dist/next-devtools/shared/forward-logs-shared.js:27
[ 3618234ms] [ERROR] WebSocket connection to 'ws://nbrs-fe.test/_next/webpack-hmr?id=gu8bpS3i2Q4h39Autmasi' failed: Error during WebSocket handshake: Unexpected response code: 404 @ webpack-internal:///(app-pages-browser)/./node_modules/next/dist/client/dev/hot-reloader/app/web-socket.js:55
[ 3622413ms] [ERROR] WebSocket connection to 'ws://nbrs-fe.test/_next/webpack-hmr?id=gu8bpS3i2Q4h39Autmasi' failed: Error during WebSocket handshake: Unexpected response code: 404 @ webpack-internal:///(app-pages-browser)/./node_modules/next/dist/client/dev/hot-reloader/app/web-socket.js:55
[ 3628463ms] [ERROR] WebSocket connection to 'ws://nbrs-fe.test/_next/webpack-hmr?id=gu8bpS3i2Q4h39Autmasi' failed: Error during WebSocket handshake: Unexpected response code: 404 @ webpack-internal:///(app-pages-browser)/./node_modules/next/dist/client/dev/hot-reloader/app/web-socket.js:55
[ 3631412ms] [ERROR] WebSocket connection to 'ws://nbrs-fe.test/_next/webpack-hmr?id=gu8bpS3i2Q4h39Autmasi' failed: Error during WebSocket handshake: Unexpected response code: 404 @ webpack-internal:///(app-pages-browser)/./node_modules/next/dist/client/dev/hot-reloader/app/web-socket.js:55
[ 3636909ms] [ERROR] WebSocket connection to 'ws://nbrs-fe.test/_next/webpack-hmr?id=gu8bpS3i2Q4h39Autmasi' failed: Error during WebSocket handshake: Unexpected response code: 404 @ webpack-internal:///(app-pages-browser)/./node_modules/next/dist/client/dev/hot-reloader/app/web-socket.js:55
[ 3639681ms] [ERROR] WebSocket connection to 'ws://nbrs-fe.test/_next/webpack-hmr?id=gu8bpS3i2Q4h39Autmasi' failed: Error during WebSocket handshake: Unexpected response code: 404 @ webpack-internal:///(app-pages-browser)/./node_modules/next/dist/client/dev/hot-reloader/app/web-socket.js:55
[ 3644764ms] [ERROR] WebSocket connection to 'ws://nbrs-fe.test/_next/webpack-hmr?id=gu8bpS3i2Q4h39Autmasi' failed: Error during WebSocket handshake: Unexpected response code: 404 @ webpack-internal:///(app-pages-browser)/./node_modules/next/dist/client/dev/hot-reloader/app/web-socket.js:55
[ 3649827ms] [ERROR] WebSocket connection to 'ws://nbrs-fe.test/_next/webpack-hmr?id=gu8bpS3i2Q4h39Autmasi' failed: Error during WebSocket handshake: Unexpected response code: 404 @ webpack-internal:///(app-pages-browser)/./node_modules/next/dist/client/dev/hot-reloader/app/web-socket.js:55
[ 3654877ms] [ERROR] WebSocket connection to 'ws://nbrs-fe.test/_next/webpack-hmr?id=gu8bpS3i2Q4h39Autmasi' failed: Error during WebSocket handshake: Unexpected response code: 404 @ webpack-internal:///(app-pages-browser)/./node_modules/next/dist/client/dev/hot-reloader/app/web-socket.js:55
[ 3659933ms] [ERROR] WebSocket connection to 'ws://nbrs-fe.test/_next/webpack-hmr?id=gu8bpS3i2Q4h39Autmasi' failed: Error during WebSocket handshake: Unexpected response code: 404 @ webpack-internal:///(app-pages-browser)/./node_modules/next/dist/client/dev/hot-reloader/app/web-socket.js:55
[ 3665038ms] [ERROR] WebSocket connection to 'ws://nbrs-fe.test/_next/webpack-hmr?id=gu8bpS3i2Q4h39Autmasi' failed: Error during WebSocket handshake: Unexpected response code: 404 @ webpack-internal:///(app-pages-browser)/./node_modules/next/dist/client/dev/hot-reloader/app/web-socket.js:55
[ 3670146ms] [ERROR] WebSocket connection to 'ws://nbrs-fe.test/_next/webpack-hmr?id=gu8bpS3i2Q4h39Autmasi' failed: Error during WebSocket handshake: Unexpected response code: 404 @ webpack-internal:///(app-pages-browser)/./node_modules/next/dist/client/dev/hot-reloader/app/web-socket.js:55
[ 3675242ms] [ERROR] WebSocket connection to 'ws://nbrs-fe.test/_next/webpack-hmr?id=gu8bpS3i2Q4h39Autmasi' failed: Error during WebSocket handshake: Unexpected response code: 404 @ webpack-internal:///(app-pages-browser)/./node_modules/next/dist/client/dev/hot-reloader/app/web-socket.js:55
[ 3677121ms] [INFO] %cDownload the React DevTools for a better development experience: https://react.dev/link/react-devtools font-weight:bold @ webpack-internal:///(app-pages-browser)/./node_modules/next/dist/next-devtools/shared/forward-logs-shared.js:27
[ 3678861ms] [ERROR] WebSocket connection to 'ws://nbrs-fe.test/_next/webpack-hmr?id=g9wB5ysx4nb-eEXJhJ86y' failed: Error during WebSocket handshake: Unexpected response code: 404 @ webpack-internal:///(app-pages-browser)/./node_modules/next/dist/client/dev/hot-reloader/app/web-socket.js:55
[ 3679988ms] [ERROR] WebSocket connection to 'ws://nbrs-fe.test/_next/webpack-hmr?id=g9wB5ysx4nb-eEXJhJ86y' failed: Error during WebSocket handshake: Unexpected response code: 404 @ webpack-internal:///(app-pages-browser)/./node_modules/next/dist/client/dev/hot-reloader/app/web-socket.js:55
[ 3681117ms] [ERROR] WebSocket connection to 'ws://nbrs-fe.test/_next/webpack-hmr?id=g9wB5ysx4nb-eEXJhJ86y' failed: Error during WebSocket handshake: Unexpected response code: 404 @ webpack-internal:///(app-pages-browser)/./node_modules/next/dist/client/dev/hot-reloader/app/web-socket.js:55
[ 3682285ms] [ERROR] WebSocket connection to 'ws://nbrs-fe.test/_next/webpack-hmr?id=g9wB5ysx4nb-eEXJhJ86y' failed: Error during WebSocket handshake: Unexpected response code: 404 @ webpack-internal:///(app-pages-browser)/./node_modules/next/dist/client/dev/hot-reloader/app/web-socket.js:55
[ 3683479ms] [ERROR] WebSocket connection to 'ws://nbrs-fe.test/_next/webpack-hmr?id=g9wB5ysx4nb-eEXJhJ86y' failed: Error during WebSocket handshake: Unexpected response code: 404 @ webpack-internal:///(app-pages-browser)/./node_modules/next/dist/client/dev/hot-reloader/app/web-socket.js:55
[ 3684883ms] [ERROR] WebSocket connection to 'ws://nbrs-fe.test/_next/webpack-hmr?id=g9wB5ysx4nb-eEXJhJ86y' failed: Error during WebSocket handshake: Unexpected response code: 404 @ webpack-internal:///(app-pages-browser)/./node_modules/next/dist/client/dev/hot-reloader/app/web-socket.js:55
[ 3690384ms] [ERROR] WebSocket connection to 'ws://nbrs-fe.test/_next/webpack-hmr?id=g9wB5ysx4nb-eEXJhJ86y' failed: Error during WebSocket handshake: Unexpected response code: 404 @ webpack-internal:///(app-pages-browser)/./node_modules/next/dist/client/dev/hot-reloader/app/web-socket.js:55
[ 3696510ms] [ERROR] WebSocket connection to 'ws://nbrs-fe.test/_next/webpack-hmr?id=g9wB5ysx4nb-eEXJhJ86y' failed: Error during WebSocket handshake: Unexpected response code: 404 @ webpack-internal:///(app-pages-browser)/./node_modules/next/dist/client/dev/hot-reloader/app/web-socket.js:55
[ 3702440ms] [ERROR] WebSocket connection to 'ws://nbrs-fe.test/_next/webpack-hmr?id=g9wB5ysx4nb-eEXJhJ86y' failed: Error during WebSocket handshake: Unexpected response code: 404 @ webpack-internal:///(app-pages-browser)/./node_modules/next/dist/client/dev/hot-reloader/app/web-socket.js:55
[ 3713203ms] [ERROR] WebSocket connection to 'ws://nbrs-fe.test/_next/webpack-hmr?id=g9wB5ysx4nb-eEXJhJ86y' failed: Error during WebSocket handshake: Unexpected response code: 404 @ webpack-internal:///(app-pages-browser)/./node_modules/next/dist/client/dev/hot-reloader/app/web-socket.js:55
[ 3723076ms] [ERROR] WebSocket connection to 'ws://nbrs-fe.test/_next/webpack-hmr?id=g9wB5ysx4nb-eEXJhJ86y' failed: Error during WebSocket handshake: Unexpected response code: 404 @ webpack-internal:///(app-pages-browser)/./node_modules/next/dist/client/dev/hot-reloader/app/web-socket.js:55
[ 3731290ms] [ERROR] WebSocket connection to 'ws://nbrs-fe.test/_next/webpack-hmr?id=g9wB5ysx4nb-eEXJhJ86y' failed: Error during WebSocket handshake: Unexpected response code: 404 @ webpack-internal:///(app-pages-browser)/./node_modules/next/dist/client/dev/hot-reloader/app/web-socket.js:55
[ 3737894ms] [ERROR] WebSocket connection to 'ws://nbrs-fe.test/_next/webpack-hmr?id=g9wB5ysx4nb-eEXJhJ86y' failed: Error during WebSocket handshake: Unexpected response code: 404 @ webpack-internal:///(app-pages-browser)/./node_modules/next/dist/client/dev/hot-reloader/app/web-socket.js:55
[ 3739657ms] [INFO] %cDownload the React DevTools for a better development experience: https://react.dev/link/react-devtools font-weight:bold @ webpack-internal:///(app-pages-browser)/./node_modules/next/dist/next-devtools/shared/forward-logs-shared.js:27
[ 3742791ms] [ERROR] WebSocket connection to 'ws://nbrs-fe.test/_next/webpack-hmr?id=PazfHezGdB1b8sY-BH-bI' failed: Error during WebSocket handshake: Unexpected response code: 404 @ webpack-internal:///(app-pages-browser)/./node_modules/next/dist/client/dev/hot-reloader/app/web-socket.js:55
[ 3748754ms] [ERROR] WebSocket connection to 'ws://nbrs-fe.test/_next/webpack-hmr?id=PazfHezGdB1b8sY-BH-bI' failed: Error during WebSocket handshake: Unexpected response code: 404 @ webpack-internal:///(app-pages-browser)/./node_modules/next/dist/client/dev/hot-reloader/app/web-socket.js:55
[ 3753279ms] [ERROR] WebSocket connection to 'ws://nbrs-fe.test/_next/webpack-hmr?id=PazfHezGdB1b8sY-BH-bI' failed: Error during WebSocket handshake: Unexpected response code: 404 @ webpack-internal:///(app-pages-browser)/./node_modules/next/dist/client/dev/hot-reloader/app/web-socket.js:55
[ 3755984ms] [ERROR] WebSocket connection to 'ws://nbrs-fe.test/_next/webpack-hmr?id=PazfHezGdB1b8sY-BH-bI' failed: Error during WebSocket handshake: Unexpected response code: 404 @ webpack-internal:///(app-pages-browser)/./node_modules/next/dist/client/dev/hot-reloader/app/web-socket.js:55
[ 3761903ms] [ERROR] WebSocket connection to 'ws://nbrs-fe.test/_next/webpack-hmr?id=PazfHezGdB1b8sY-BH-bI' failed: Error during WebSocket handshake: Unexpected response code: 404 @ webpack-internal:///(app-pages-browser)/./node_modules/next/dist/client/dev/hot-reloader/app/web-socket.js:55
[ 3764095ms] [ERROR] WebSocket connection to 'ws://nbrs-fe.test/_next/webpack-hmr?id=PazfHezGdB1b8sY-BH-bI' failed: Error during WebSocket handshake: Unexpected response code: 404 @ webpack-internal:///(app-pages-browser)/./node_modules/next/dist/client/dev/hot-reloader/app/web-socket.js:55
[ 3769144ms] [ERROR] WebSocket connection to 'ws://nbrs-fe.test/_next/webpack-hmr?id=PazfHezGdB1b8sY-BH-bI' failed: Error during WebSocket handshake: Unexpected response code: 404 @ webpack-internal:///(app-pages-browser)/./node_modules/next/dist/client/dev/hot-reloader/app/web-socket.js:55
[ 3774207ms] [ERROR] WebSocket connection to 'ws://nbrs-fe.test/_next/webpack-hmr?id=PazfHezGdB1b8sY-BH-bI' failed: Error during WebSocket handshake: Unexpected response code: 404 @ webpack-internal:///(app-pages-browser)/./node_modules/next/dist/client/dev/hot-reloader/app/web-socket.js:55
[ 3779263ms] [ERROR] WebSocket connection to 'ws://nbrs-fe.test/_next/webpack-hmr?id=PazfHezGdB1b8sY-BH-bI' failed: Error during WebSocket handshake: Unexpected response code: 404 @ webpack-internal:///(app-pages-browser)/./node_modules/next/dist/client/dev/hot-reloader/app/web-socket.js:55
[ 3784331ms] [ERROR] WebSocket connection to 'ws://nbrs-fe.test/_next/webpack-hmr?id=PazfHezGdB1b8sY-BH-bI' failed: Error during WebSocket handshake: Unexpected response code: 404 @ webpack-internal:///(app-pages-browser)/./node_modules/next/dist/client/dev/hot-reloader/app/web-socket.js:55
[ 3789386ms] [ERROR] WebSocket connection to 'ws://nbrs-fe.test/_next/webpack-hmr?id=PazfHezGdB1b8sY-BH-bI' failed: Error during WebSocket handshake: Unexpected response code: 404 @ webpack-internal:///(app-pages-browser)/./node_modules/next/dist/client/dev/hot-reloader/app/web-socket.js:55
[ 3794459ms] [ERROR] WebSocket connection to 'ws://nbrs-fe.test/_next/webpack-hmr?id=PazfHezGdB1b8sY-BH-bI' failed: Error during WebSocket handshake: Unexpected response code: 404 @ webpack-internal:///(app-pages-browser)/./node_modules/next/dist/client/dev/hot-reloader/app/web-socket.js:55
[ 3799581ms] [ERROR] WebSocket connection to 'ws://nbrs-fe.test/_next/webpack-hmr?id=PazfHezGdB1b8sY-BH-bI' failed: Error during WebSocket handshake: Unexpected response code: 404 @ webpack-internal:///(app-pages-browser)/./node_modules/next/dist/client/dev/hot-reloader/app/web-socket.js:55
[ 3801392ms] [INFO] %cDownload the React DevTools for a better development experience: https://react.dev/link/react-devtools font-weight:bold @ webpack-internal:///(app-pages-browser)/./node_modules/next/dist/next-devtools/shared/forward-logs-shared.js:27
[ 3802643ms] [ERROR] WebSocket connection to 'ws://nbrs-fe.test/_next/webpack-hmr?id=yP32Z9zgm9P7HBHgPkfeo' failed: Error during WebSocket handshake: Unexpected response code: 404 @ webpack-internal:///(app-pages-browser)/./node_modules/next/dist/client/dev/hot-reloader/app/web-socket.js:55
[ 3803831ms] [ERROR] WebSocket connection to 'ws://nbrs-fe.test/_next/webpack-hmr?id=yP32Z9zgm9P7HBHgPkfeo' failed: Error during WebSocket handshake: Unexpected response code: 404 @ webpack-internal:///(app-pages-browser)/./node_modules/next/dist/client/dev/hot-reloader/app/web-socket.js:55
[ 3804969ms] [ERROR] WebSocket connection to 'ws://nbrs-fe.test/_next/webpack-hmr?id=yP32Z9zgm9P7HBHgPkfeo' failed: Error during WebSocket handshake: Unexpected response code: 404 @ webpack-internal:///(app-pages-browser)/./node_modules/next/dist/client/dev/hot-reloader/app/web-socket.js:55
[ 3806157ms] [ERROR] WebSocket connection to 'ws://nbrs-fe.test/_next/webpack-hmr?id=yP32Z9zgm9P7HBHgPkfeo' failed: Error during WebSocket handshake: Unexpected response code: 404 @ webpack-internal:///(app-pages-browser)/./node_modules/next/dist/client/dev/hot-reloader/app/web-socket.js:55
[ 3807366ms] [ERROR] WebSocket connection to 'ws://nbrs-fe.test/_next/webpack-hmr?id=yP32Z9zgm9P7HBHgPkfeo' failed: Error during WebSocket handshake: Unexpected response code: 404 @ webpack-internal:///(app-pages-browser)/./node_modules/next/dist/client/dev/hot-reloader/app/web-socket.js:55
[ 3808580ms] [ERROR] WebSocket connection to 'ws://nbrs-fe.test/_next/webpack-hmr?id=yP32Z9zgm9P7HBHgPkfeo' failed: Error during WebSocket handshake: Unexpected response code: 404 @ webpack-internal:///(app-pages-browser)/./node_modules/next/dist/client/dev/hot-reloader/app/web-socket.js:55
[ 3814271ms] [ERROR] WebSocket connection to 'ws://nbrs-fe.test/_next/webpack-hmr?id=yP32Z9zgm9P7HBHgPkfeo' failed: Error during WebSocket handshake: Unexpected response code: 404 @ webpack-internal:///(app-pages-browser)/./node_modules/next/dist/client/dev/hot-reloader/app/web-socket.js:55
[ 3820010ms] [ERROR] WebSocket connection to 'ws://nbrs-fe.test/_next/webpack-hmr?id=yP32Z9zgm9P7HBHgPkfeo' failed: Error during WebSocket handshake: Unexpected response code: 404 @ webpack-internal:///(app-pages-browser)/./node_modules/next/dist/client/dev/hot-reloader/app/web-socket.js:55
[ 3826177ms] [ERROR] WebSocket connection to 'ws://nbrs-fe.test/_next/webpack-hmr?id=yP32Z9zgm9P7HBHgPkfeo' failed: Error during WebSocket handshake: Unexpected response code: 404 @ webpack-internal:///(app-pages-browser)/./node_modules/next/dist/client/dev/hot-reloader/app/web-socket.js:55
[ 3833179ms] [ERROR] WebSocket connection to 'ws://nbrs-fe.test/_next/webpack-hmr?id=yP32Z9zgm9P7HBHgPkfeo' failed: Error during WebSocket handshake: Unexpected response code: 404 @ webpack-internal:///(app-pages-browser)/./node_modules/next/dist/client/dev/hot-reloader/app/web-socket.js:55
[ 3841495ms] [ERROR] WebSocket connection to 'ws://nbrs-fe.test/_next/webpack-hmr?id=yP32Z9zgm9P7HBHgPkfeo' failed: Error during WebSocket handshake: Unexpected response code: 404 @ webpack-internal:///(app-pages-browser)/./node_modules/next/dist/client/dev/hot-reloader/app/web-socket.js:55
[ 3850130ms] [ERROR] WebSocket connection to 'ws://nbrs-fe.test/_next/webpack-hmr?id=yP32Z9zgm9P7HBHgPkfeo' failed: Error during WebSocket handshake: Unexpected response code: 404 @ webpack-internal:///(app-pages-browser)/./node_modules/next/dist/client/dev/hot-reloader/app/web-socket.js:55
[ 3857015ms] [ERROR] WebSocket connection to 'ws://nbrs-fe.test/_next/webpack-hmr?id=yP32Z9zgm9P7HBHgPkfeo' failed: Error during WebSocket handshake: Unexpected response code: 404 @ webpack-internal:///(app-pages-browser)/./node_modules/next/dist/client/dev/hot-reloader/app/web-socket.js:55
[ 3858922ms] [INFO] %cDownload the React DevTools for a better development experience: https://react.dev/link/react-devtools font-weight:bold @ webpack-internal:///(app-pages-browser)/./node_modules/next/dist/next-devtools/shared/forward-logs-shared.js:27
[ 3863972ms] [ERROR] WebSocket connection to 'ws://nbrs-fe.test/_next/webpack-hmr?id=zyeyWs7hmMO0yxEExENW0' failed: Error during WebSocket handshake: Unexpected response code: 404 @ webpack-internal:///(app-pages-browser)/./node_modules/next/dist/client/dev/hot-reloader/app/web-socket.js:55
[ 3869514ms] [ERROR] WebSocket connection to 'ws://nbrs-fe.test/_next/webpack-hmr?id=zyeyWs7hmMO0yxEExENW0' failed: Error during WebSocket handshake: Unexpected response code: 404 @ webpack-internal:///(app-pages-browser)/./node_modules/next/dist/client/dev/hot-reloader/app/web-socket.js:55
[ 3875288ms] [ERROR] WebSocket connection to 'ws://nbrs-fe.test/_next/webpack-hmr?id=zyeyWs7hmMO0yxEExENW0' failed: Error during WebSocket handshake: Unexpected response code: 404 @ webpack-internal:///(app-pages-browser)/./node_modules/next/dist/client/dev/hot-reloader/app/web-socket.js:55
[ 3880122ms] [ERROR] WebSocket connection to 'ws://nbrs-fe.test/_next/webpack-hmr?id=zyeyWs7hmMO0yxEExENW0' failed: Error during WebSocket handshake: Unexpected response code: 404 @ webpack-internal:///(app-pages-browser)/./node_modules/next/dist/client/dev/hot-reloader/app/web-socket.js:55
[ 3886077ms] [ERROR] WebSocket connection to 'ws://nbrs-fe.test/_next/webpack-hmr?id=zyeyWs7hmMO0yxEExENW0' failed: Error during WebSocket handshake: Unexpected response code: 404 @ webpack-internal:///(app-pages-browser)/./node_modules/next/dist/client/dev/hot-reloader/app/web-socket.js:55
[ 3890963ms] [ERROR] WebSocket connection to 'ws://nbrs-fe.test/_next/webpack-hmr?id=zyeyWs7hmMO0yxEExENW0' failed: Error during WebSocket handshake: Unexpected response code: 404 @ webpack-internal:///(app-pages-browser)/./node_modules/next/dist/client/dev/hot-reloader/app/web-socket.js:55
[ 3900414ms] [ERROR] WebSocket connection to 'ws://nbrs-fe.test/_next/webpack-hmr?id=zyeyWs7hmMO0yxEExENW0' failed: Error during WebSocket handshake: Unexpected response code: 404 @ webpack-internal:///(app-pages-browser)/./node_modules/next/dist/client/dev/hot-reloader/app/web-socket.js:55
[ 3907140ms] [ERROR] WebSocket connection to 'ws://nbrs-fe.test/_next/webpack-hmr?id=zyeyWs7hmMO0yxEExENW0' failed: Error during WebSocket handshake: Unexpected response code: 404 @ webpack-internal:///(app-pages-browser)/./node_modules/next/dist/client/dev/hot-reloader/app/web-socket.js:55
[ 3916898ms] [ERROR] WebSocket connection to 'ws://nbrs-fe.test/_next/webpack-hmr?id=zyeyWs7hmMO0yxEExENW0' failed: Error during WebSocket handshake: Unexpected response code: 404 @ webpack-internal:///(app-pages-browser)/./node_modules/next/dist/client/dev/hot-reloader/app/web-socket.js:55
[ 3925986ms] [ERROR] WebSocket connection to 'ws://nbrs-fe.test/_next/webpack-hmr?id=zyeyWs7hmMO0yxEExENW0' failed: Error during WebSocket handshake: Unexpected response code: 404 @ webpack-internal:///(app-pages-browser)/./node_modules/next/dist/client/dev/hot-reloader/app/web-socket.js:55
[ 3935763ms] [ERROR] WebSocket connection to 'ws://nbrs-fe.test/_next/webpack-hmr?id=zyeyWs7hmMO0yxEExENW0' failed: Error during WebSocket handshake: Unexpected response code: 404 @ webpack-internal:///(app-pages-browser)/./node_modules/next/dist/client/dev/hot-reloader/app/web-socket.js:55
[ 3943559ms] [ERROR] WebSocket connection to 'ws://nbrs-fe.test/_next/webpack-hmr?id=zyeyWs7hmMO0yxEExENW0' failed: Error during WebSocket handshake: Unexpected response code: 404 @ webpack-internal:///(app-pages-browser)/./node_modules/next/dist/client/dev/hot-reloader/app/web-socket.js:55
[ 3951986ms] [ERROR] WebSocket connection to 'ws://nbrs-fe.test/_next/webpack-hmr?id=zyeyWs7hmMO0yxEExENW0' failed: Error during WebSocket handshake: Unexpected response code: 404 @ webpack-internal:///(app-pages-browser)/./node_modules/next/dist/client/dev/hot-reloader/app/web-socket.js:55
[ 3954320ms] [INFO] %cDownload the React DevTools for a better development experience: https://react.dev/link/react-devtools font-weight:bold @ webpack-internal:///(app-pages-browser)/./node_modules/next/dist/next-devtools/shared/forward-logs-shared.js:27
[ 3955590ms] [ERROR] WebSocket connection to 'ws://nbrs-fe.test/_next/webpack-hmr?id=OHzLY2iOjiMISVPTXSV5C' failed: Error during WebSocket handshake: Unexpected response code: 404 @ webpack-internal:///(app-pages-browser)/./node_modules/next/dist/client/dev/hot-reloader/app/web-socket.js:55
[ 3958965ms] [ERROR] WebSocket connection to 'ws://nbrs-fe.test/_next/webpack-hmr?id=OHzLY2iOjiMISVPTXSV5C' failed: Error during WebSocket handshake: Unexpected response code: 404 @ webpack-internal:///(app-pages-browser)/./node_modules/next/dist/client/dev/hot-reloader/app/web-socket.js:55
[ 3965047ms] [ERROR] WebSocket connection to 'ws://nbrs-fe.test/_next/webpack-hmr?id=OHzLY2iOjiMISVPTXSV5C' failed: Error during WebSocket handshake: Unexpected response code: 404 @ webpack-internal:///(app-pages-browser)/./node_modules/next/dist/client/dev/hot-reloader/app/web-socket.js:55
[ 3969218ms] [ERROR] WebSocket connection to 'ws://nbrs-fe.test/_next/webpack-hmr?id=OHzLY2iOjiMISVPTXSV5C' failed: Error during WebSocket handshake: Unexpected response code: 404 @ webpack-internal:///(app-pages-browser)/./node_modules/next/dist/client/dev/hot-reloader/app/web-socket.js:55
[ 3972303ms] [ERROR] WebSocket connection to 'ws://nbrs-fe.test/_next/webpack-hmr?id=OHzLY2iOjiMISVPTXSV5C' failed: Error during WebSocket handshake: Unexpected response code: 404 @ webpack-internal:///(app-pages-browser)/./node_modules/next/dist/client/dev/hot-reloader/app/web-socket.js:55
[ 3976421ms] [ERROR] WebSocket connection to 'ws://nbrs-fe.test/_next/webpack-hmr?id=OHzLY2iOjiMISVPTXSV5C' failed: Error during WebSocket handshake: Unexpected response code: 404 @ webpack-internal:///(app-pages-browser)/./node_modules/next/dist/client/dev/hot-reloader/app/web-socket.js:55
[ 3985616ms] [ERROR] WebSocket connection to 'ws://nbrs-fe.test/_next/webpack-hmr?id=OHzLY2iOjiMISVPTXSV5C' failed: Error during WebSocket handshake: Unexpected response code: 404 @ webpack-internal:///(app-pages-browser)/./node_modules/next/dist/client/dev/hot-reloader/app/web-socket.js:55
[ 3995761ms] [ERROR] WebSocket connection to 'ws://nbrs-fe.test/_next/webpack-hmr?id=OHzLY2iOjiMISVPTXSV5C' failed: Error during WebSocket handshake: Unexpected response code: 404 @ webpack-internal:///(app-pages-browser)/./node_modules/next/dist/client/dev/hot-reloader/app/web-socket.js:55
[ 4002168ms] [ERROR] WebSocket connection to 'ws://nbrs-fe.test/_next/webpack-hmr?id=OHzLY2iOjiMISVPTXSV5C' failed: Error during WebSocket handshake: Unexpected response code: 404 @ webpack-internal:///(app-pages-browser)/./node_modules/next/dist/client/dev/hot-reloader/app/web-socket.js:55
[ 4011328ms] [ERROR] WebSocket connection to 'ws://nbrs-fe.test/_next/webpack-hmr?id=OHzLY2iOjiMISVPTXSV5C' failed: Error during WebSocket handshake: Unexpected response code: 404 @ webpack-internal:///(app-pages-browser)/./node_modules/next/dist/client/dev/hot-reloader/app/web-socket.js:55
[ 4017458ms] [ERROR] WebSocket connection to 'ws://nbrs-fe.test/_next/webpack-hmr?id=OHzLY2iOjiMISVPTXSV5C' failed: Error during WebSocket handshake: Unexpected response code: 404 @ webpack-internal:///(app-pages-browser)/./node_modules/next/dist/client/dev/hot-reloader/app/web-socket.js:55
[ 4027467ms] [ERROR] WebSocket connection to 'ws://nbrs-fe.test/_next/webpack-hmr?id=OHzLY2iOjiMISVPTXSV5C' failed: Error during WebSocket handshake: Unexpected response code: 404 @ webpack-internal:///(app-pages-browser)/./node_modules/next/dist/client/dev/hot-reloader/app/web-socket.js:55
[ 4034913ms] [ERROR] WebSocket connection to 'ws://nbrs-fe.test/_next/webpack-hmr?id=OHzLY2iOjiMISVPTXSV5C' failed: Error during WebSocket handshake: Unexpected response code: 404 @ webpack-internal:///(app-pages-browser)/./node_modules/next/dist/client/dev/hot-reloader/app/web-socket.js:55
[ 4037267ms] [INFO] %cDownload the React DevTools for a better development experience: https://react.dev/link/react-devtools font-weight:bold @ webpack-internal:///(app-pages-browser)/./node_modules/next/dist/next-devtools/shared/forward-logs-shared.js:27
[ 4038502ms] [ERROR] WebSocket connection to 'ws://nbrs-fe.test/_next/webpack-hmr?id=5hzJE7toEr2RWPBr0g6lr' failed: Error during WebSocket handshake: Unexpected response code: 404 @ webpack-internal:///(app-pages-browser)/./node_modules/next/dist/client/dev/hot-reloader/app/web-socket.js:55
[ 4044252ms] [ERROR] WebSocket connection to 'ws://nbrs-fe.test/_next/webpack-hmr?id=5hzJE7toEr2RWPBr0g6lr' failed: Error during WebSocket handshake: Unexpected response code: 404 @ webpack-internal:///(app-pages-browser)/./node_modules/next/dist/client/dev/hot-reloader/app/web-socket.js:55
[ 4046854ms] [ERROR] WebSocket connection to 'ws://nbrs-fe.test/_next/webpack-hmr?id=5hzJE7toEr2RWPBr0g6lr' failed: Error during WebSocket handshake: Unexpected response code: 404 @ webpack-internal:///(app-pages-browser)/./node_modules/next/dist/client/dev/hot-reloader/app/web-socket.js:55
[ 4049816ms] [ERROR] WebSocket connection to 'ws://nbrs-fe.test/_next/webpack-hmr?id=5hzJE7toEr2RWPBr0g6lr' failed: Error during WebSocket handshake: Unexpected response code: 404 @ webpack-internal:///(app-pages-browser)/./node_modules/next/dist/client/dev/hot-reloader/app/web-socket.js:55
[ 4055455ms] [ERROR] WebSocket connection to 'ws://nbrs-fe.test/_next/webpack-hmr?id=5hzJE7toEr2RWPBr0g6lr' failed: Error during WebSocket handshake: Unexpected response code: 404 @ webpack-internal:///(app-pages-browser)/./node_modules/next/dist/client/dev/hot-reloader/app/web-socket.js:55
[ 4058051ms] [ERROR] WebSocket connection to 'ws://nbrs-fe.test/_next/webpack-hmr?id=5hzJE7toEr2RWPBr0g6lr' failed: Error during WebSocket handshake: Unexpected response code: 404 @ webpack-internal:///(app-pages-browser)/./node_modules/next/dist/client/dev/hot-reloader/app/web-socket.js:55
[ 4064243ms] [ERROR] WebSocket connection to 'ws://nbrs-fe.test/_next/webpack-hmr?id=5hzJE7toEr2RWPBr0g6lr' failed: Error during WebSocket handshake: Unexpected response code: 404 @ webpack-internal:///(app-pages-browser)/./node_modules/next/dist/client/dev/hot-reloader/app/web-socket.js:55
[ 4071316ms] [ERROR] WebSocket connection to 'ws://nbrs-fe.test/_next/webpack-hmr?id=5hzJE7toEr2RWPBr0g6lr' failed: Error during WebSocket handshake: Unexpected response code: 404 @ webpack-internal:///(app-pages-browser)/./node_modules/next/dist/client/dev/hot-reloader/app/web-socket.js:55
[ 4081003ms] [ERROR] WebSocket connection to 'ws://nbrs-fe.test/_next/webpack-hmr?id=5hzJE7toEr2RWPBr0g6lr' failed: Error during WebSocket handshake: Unexpected response code: 404 @ webpack-internal:///(app-pages-browser)/./node_modules/next/dist/client/dev/hot-reloader/app/web-socket.js:55
[ 4089124ms] [ERROR] WebSocket connection to 'ws://nbrs-fe.test/_next/webpack-hmr?id=5hzJE7toEr2RWPBr0g6lr' failed: Error during WebSocket handshake: Unexpected response code: 404 @ webpack-internal:///(app-pages-browser)/./node_modules/next/dist/client/dev/hot-reloader/app/web-socket.js:55
[ 4098379ms] [ERROR] WebSocket connection to 'ws://nbrs-fe.test/_next/webpack-hmr?id=5hzJE7toEr2RWPBr0g6lr' failed: Error during WebSocket handshake: Unexpected response code: 404 @ webpack-internal:///(app-pages-browser)/./node_modules/next/dist/client/dev/hot-reloader/app/web-socket.js:55
[ 4105910ms] [ERROR] WebSocket connection to 'ws://nbrs-fe.test/_next/webpack-hmr?id=5hzJE7toEr2RWPBr0g6lr' failed: Error during WebSocket handshake: Unexpected response code: 404 @ webpack-internal:///(app-pages-browser)/./node_modules/next/dist/client/dev/hot-reloader/app/web-socket.js:55
[ 4115818ms] [ERROR] WebSocket connection to 'ws://nbrs-fe.test/_next/webpack-hmr?id=5hzJE7toEr2RWPBr0g6lr' failed: Error during WebSocket handshake: Unexpected response code: 404 @ webpack-internal:///(app-pages-browser)/./node_modules/next/dist/client/dev/hot-reloader/app/web-socket.js:55
[ 4117383ms] [INFO] %cDownload the React DevTools for a better development experience: https://react.dev/link/react-devtools font-weight:bold @ webpack-internal:///(app-pages-browser)/./node_modules/next/dist/next-devtools/shared/forward-logs-shared.js:27
[ 4122176ms] [ERROR] WebSocket connection to 'ws://nbrs-fe.test/_next/webpack-hmr?id=hhOjf0X2TD860qAyi7S9j' failed: Error during WebSocket handshake: Unexpected response code: 404 @ webpack-internal:///(app-pages-browser)/./node_modules/next/dist/client/dev/hot-reloader/app/web-socket.js:55
[ 4125048ms] [ERROR] WebSocket connection to 'ws://nbrs-fe.test/_next/webpack-hmr?id=hhOjf0X2TD860qAyi7S9j' failed: Error during WebSocket handshake: Unexpected response code: 404 @ webpack-internal:///(app-pages-browser)/./node_modules/next/dist/client/dev/hot-reloader/app/web-socket.js:55
[ 4129376ms] [ERROR] WebSocket connection to 'ws://nbrs-fe.test/_next/webpack-hmr?id=hhOjf0X2TD860qAyi7S9j' failed: Error during WebSocket handshake: Unexpected response code: 404 @ webpack-internal:///(app-pages-browser)/./node_modules/next/dist/client/dev/hot-reloader/app/web-socket.js:55
[ 4134148ms] [ERROR] WebSocket connection to 'ws://nbrs-fe.test/_next/webpack-hmr?id=hhOjf0X2TD860qAyi7S9j' failed: Error during WebSocket handshake: Unexpected response code: 404 @ webpack-internal:///(app-pages-browser)/./node_modules/next/dist/client/dev/hot-reloader/app/web-socket.js:55
[ 4136383ms] [ERROR] WebSocket connection to 'ws://nbrs-fe.test/_next/webpack-hmr?id=hhOjf0X2TD860qAyi7S9j' failed: Error during WebSocket handshake: Unexpected response code: 404 @ webpack-internal:///(app-pages-browser)/./node_modules/next/dist/client/dev/hot-reloader/app/web-socket.js:55
[ 4138519ms] [ERROR] WebSocket connection to 'ws://nbrs-fe.test/_next/webpack-hmr?id=hhOjf0X2TD860qAyi7S9j' failed: Error during WebSocket handshake: Unexpected response code: 404 @ webpack-internal:///(app-pages-browser)/./node_modules/next/dist/client/dev/hot-reloader/app/web-socket.js:55
[ 4147105ms] [ERROR] WebSocket connection to 'ws://nbrs-fe.test/_next/webpack-hmr?id=hhOjf0X2TD860qAyi7S9j' failed: Error during WebSocket handshake: Unexpected response code: 404 @ webpack-internal:///(app-pages-browser)/./node_modules/next/dist/client/dev/hot-reloader/app/web-socket.js:55
[ 4154758ms] [ERROR] WebSocket connection to 'ws://nbrs-fe.test/_next/webpack-hmr?id=hhOjf0X2TD860qAyi7S9j' failed: Error during WebSocket handshake: Unexpected response code: 404 @ webpack-internal:///(app-pages-browser)/./node_modules/next/dist/client/dev/hot-reloader/app/web-socket.js:55
[ 4162533ms] [ERROR] WebSocket connection to 'ws://nbrs-fe.test/_next/webpack-hmr?id=hhOjf0X2TD860qAyi7S9j' failed: Error during WebSocket handshake: Unexpected response code: 404 @ webpack-internal:///(app-pages-browser)/./node_modules/next/dist/client/dev/hot-reloader/app/web-socket.js:55
[ 4172035ms] [ERROR] WebSocket connection to 'ws://nbrs-fe.test/_next/webpack-hmr?id=hhOjf0X2TD860qAyi7S9j' failed: Error during WebSocket handshake: Unexpected response code: 404 @ webpack-internal:///(app-pages-browser)/./node_modules/next/dist/client/dev/hot-reloader/app/web-socket.js:55
[ 4180241ms] [ERROR] WebSocket connection to 'ws://nbrs-fe.test/_next/webpack-hmr?id=hhOjf0X2TD860qAyi7S9j' failed: Error during WebSocket handshake: Unexpected response code: 404 @ webpack-internal:///(app-pages-browser)/./node_modules/next/dist/client/dev/hot-reloader/app/web-socket.js:55
[ 4188518ms] [ERROR] WebSocket connection to 'ws://nbrs-fe.test/_next/webpack-hmr?id=hhOjf0X2TD860qAyi7S9j' failed: Error during WebSocket handshake: Unexpected response code: 404 @ webpack-internal:///(app-pages-browser)/./node_modules/next/dist/client/dev/hot-reloader/app/web-socket.js:55
[ 4198245ms] [ERROR] WebSocket connection to 'ws://nbrs-fe.test/_next/webpack-hmr?id=hhOjf0X2TD860qAyi7S9j' failed: Error during WebSocket handshake: Unexpected response code: 404 @ webpack-internal:///(app-pages-browser)/./node_modules/next/dist/client/dev/hot-reloader/app/web-socket.js:55
[ 4200028ms] [INFO] %cDownload the React DevTools for a better development experience: https://react.dev/link/react-devtools font-weight:bold @ webpack-internal:///(app-pages-browser)/./node_modules/next/dist/next-devtools/shared/forward-logs-shared.js:27
[ 4201894ms] [ERROR] WebSocket connection to 'ws://nbrs-fe.test/_next/webpack-hmr?id=HsZZu9ZMfp-Jp6HzacGqQ' failed: Error during WebSocket handshake: Unexpected response code: 404 @ webpack-internal:///(app-pages-browser)/./node_modules/next/dist/client/dev/hot-reloader/app/web-socket.js:55
[ 4204866ms] [ERROR] WebSocket connection to 'ws://nbrs-fe.test/_next/webpack-hmr?id=HsZZu9ZMfp-Jp6HzacGqQ' failed: Error during WebSocket handshake: Unexpected response code: 404 @ webpack-internal:///(app-pages-browser)/./node_modules/next/dist/client/dev/hot-reloader/app/web-socket.js:55
[ 4208821ms] [ERROR] WebSocket connection to 'ws://nbrs-fe.test/_next/webpack-hmr?id=HsZZu9ZMfp-Jp6HzacGqQ' failed: Error during WebSocket handshake: Unexpected response code: 404 @ webpack-internal:///(app-pages-browser)/./node_modules/next/dist/client/dev/hot-reloader/app/web-socket.js:55
[ 4214610ms] [ERROR] WebSocket connection to 'ws://nbrs-fe.test/_next/webpack-hmr?id=HsZZu9ZMfp-Jp6HzacGqQ' failed: Error during WebSocket handshake: Unexpected response code: 404 @ webpack-internal:///(app-pages-browser)/./node_modules/next/dist/client/dev/hot-reloader/app/web-socket.js:55
[ 4219058ms] [ERROR] WebSocket connection to 'ws://nbrs-fe.test/_next/webpack-hmr?id=HsZZu9ZMfp-Jp6HzacGqQ' failed: Error during WebSocket handshake: Unexpected response code: 404 @ webpack-internal:///(app-pages-browser)/./node_modules/next/dist/client/dev/hot-reloader/app/web-socket.js:55
[ 4221906ms] [ERROR] WebSocket connection to 'ws://nbrs-fe.test/_next/webpack-hmr?id=HsZZu9ZMfp-Jp6HzacGqQ' failed: Error during WebSocket handshake: Unexpected response code: 404 @ webpack-internal:///(app-pages-browser)/./node_modules/next/dist/client/dev/hot-reloader/app/web-socket.js:55
[ 4229009ms] [ERROR] WebSocket connection to 'ws://nbrs-fe.test/_next/webpack-hmr?id=HsZZu9ZMfp-Jp6HzacGqQ' failed: Error during WebSocket handshake: Unexpected response code: 404 @ webpack-internal:///(app-pages-browser)/./node_modules/next/dist/client/dev/hot-reloader/app/web-socket.js:55
[ 4237799ms] [ERROR] WebSocket connection to 'ws://nbrs-fe.test/_next/webpack-hmr?id=HsZZu9ZMfp-Jp6HzacGqQ' failed: Error during WebSocket handshake: Unexpected response code: 404 @ webpack-internal:///(app-pages-browser)/./node_modules/next/dist/client/dev/hot-reloader/app/web-socket.js:55
[ 4245885ms] [ERROR] WebSocket connection to 'ws://nbrs-fe.test/_next/webpack-hmr?id=HsZZu9ZMfp-Jp6HzacGqQ' failed: Error during WebSocket handshake: Unexpected response code: 404 @ webpack-internal:///(app-pages-browser)/./node_modules/next/dist/client/dev/hot-reloader/app/web-socket.js:55
[ 4251005ms] [ERROR] WebSocket connection to 'ws://nbrs-fe.test/_next/webpack-hmr?id=HsZZu9ZMfp-Jp6HzacGqQ' failed: Error during WebSocket handshake: Unexpected response code: 404 @ webpack-internal:///(app-pages-browser)/./node_modules/next/dist/client/dev/hot-reloader/app/web-socket.js:55
[ 4256161ms] [ERROR] WebSocket connection to 'ws://nbrs-fe.test/_next/webpack-hmr?id=HsZZu9ZMfp-Jp6HzacGqQ' failed: Error during WebSocket handshake: Unexpected response code: 404 @ webpack-internal:///(app-pages-browser)/./node_modules/next/dist/client/dev/hot-reloader/app/web-socket.js:55
[ 4261279ms] [ERROR] WebSocket connection to 'ws://nbrs-fe.test/_next/webpack-hmr?id=HsZZu9ZMfp-Jp6HzacGqQ' failed: Error during WebSocket handshake: Unexpected response code: 404 @ webpack-internal:///(app-pages-browser)/./node_modules/next/dist/client/dev/hot-reloader/app/web-socket.js:55
[ 4266377ms] [ERROR] WebSocket connection to 'ws://nbrs-fe.test/_next/webpack-hmr?id=HsZZu9ZMfp-Jp6HzacGqQ' failed: Error during WebSocket handshake: Unexpected response code: 404 @ webpack-internal:///(app-pages-browser)/./node_modules/next/dist/client/dev/hot-reloader/app/web-socket.js:55
[ 4269334ms] [INFO] %cDownload the React DevTools for a better development experience: https://react.dev/link/react-devtools font-weight:bold @ webpack-internal:///(app-pages-browser)/./node_modules/next/dist/next-devtools/shared/forward-logs-shared.js:27
[ 4271821ms] [ERROR] WebSocket connection to 'ws://nbrs-fe.test/_next/webpack-hmr?id=v7XnV8lDYPyOshpmUpW77' failed: Error during WebSocket handshake: Unexpected response code: 404 @ webpack-internal:///(app-pages-browser)/./node_modules/next/dist/client/dev/hot-reloader/app/web-socket.js:55
[ 4272979ms] [ERROR] WebSocket connection to 'ws://nbrs-fe.test/_next/webpack-hmr?id=v7XnV8lDYPyOshpmUpW77' failed: Error during WebSocket handshake: Unexpected response code: 404 @ webpack-internal:///(app-pages-browser)/./node_modules/next/dist/client/dev/hot-reloader/app/web-socket.js:55
[ 4274089ms] [ERROR] WebSocket connection to 'ws://nbrs-fe.test/_next/webpack-hmr?id=v7XnV8lDYPyOshpmUpW77' failed: Error during WebSocket handshake: Unexpected response code: 404 @ webpack-internal:///(app-pages-browser)/./node_modules/next/dist/client/dev/hot-reloader/app/web-socket.js:55
[ 4275241ms] [ERROR] WebSocket connection to 'ws://nbrs-fe.test/_next/webpack-hmr?id=v7XnV8lDYPyOshpmUpW77' failed: Error during WebSocket handshake: Unexpected response code: 404 @ webpack-internal:///(app-pages-browser)/./node_modules/next/dist/client/dev/hot-reloader/app/web-socket.js:55
[ 4276357ms] [ERROR] WebSocket connection to 'ws://nbrs-fe.test/_next/webpack-hmr?id=v7XnV8lDYPyOshpmUpW77' failed: Error during WebSocket handshake: Unexpected response code: 404 @ webpack-internal:///(app-pages-browser)/./node_modules/next/dist/client/dev/hot-reloader/app/web-socket.js:55
[ 4277487ms] [ERROR] WebSocket connection to 'ws://nbrs-fe.test/_next/webpack-hmr?id=v7XnV8lDYPyOshpmUpW77' failed: Error during WebSocket handshake: Unexpected response code: 404 @ webpack-internal:///(app-pages-browser)/./node_modules/next/dist/client/dev/hot-reloader/app/web-socket.js:55
[ 4282637ms] [ERROR] WebSocket connection to 'ws://nbrs-fe.test/_next/webpack-hmr?id=v7XnV8lDYPyOshpmUpW77' failed: Error during WebSocket handshake: Unexpected response code: 404 @ webpack-internal:///(app-pages-browser)/./node_modules/next/dist/client/dev/hot-reloader/app/web-socket.js:55
[ 4287893ms] [ERROR] WebSocket connection to 'ws://nbrs-fe.test/_next/webpack-hmr?id=v7XnV8lDYPyOshpmUpW77' failed: Error during WebSocket handshake: Unexpected response code: 404 @ webpack-internal:///(app-pages-browser)/./node_modules/next/dist/client/dev/hot-reloader/app/web-socket.js:55
[ 4293171ms] [ERROR] WebSocket connection to 'ws://nbrs-fe.test/_next/webpack-hmr?id=v7XnV8lDYPyOshpmUpW77' failed: Error during WebSocket handshake: Unexpected response code: 404 @ webpack-internal:///(app-pages-browser)/./node_modules/next/dist/client/dev/hot-reloader/app/web-socket.js:55
[ 4298509ms] [ERROR] WebSocket connection to 'ws://nbrs-fe.test/_next/webpack-hmr?id=v7XnV8lDYPyOshpmUpW77' failed: Error during WebSocket handshake: Unexpected response code: 404 @ webpack-internal:///(app-pages-browser)/./node_modules/next/dist/client/dev/hot-reloader/app/web-socket.js:55
[ 4304778ms] [ERROR] WebSocket connection to 'ws://nbrs-fe.test/_next/webpack-hmr?id=v7XnV8lDYPyOshpmUpW77' failed: Error during WebSocket handshake: Unexpected response code: 404 @ webpack-internal:///(app-pages-browser)/./node_modules/next/dist/client/dev/hot-reloader/app/web-socket.js:55
[ 4312197ms] [ERROR] WebSocket connection to 'ws://nbrs-fe.test/_next/webpack-hmr?id=v7XnV8lDYPyOshpmUpW77' failed: Error during WebSocket handshake: Unexpected response code: 404 @ webpack-internal:///(app-pages-browser)/./node_modules/next/dist/client/dev/hot-reloader/app/web-socket.js:55
[ 4320135ms] [ERROR] WebSocket connection to 'ws://nbrs-fe.test/_next/webpack-hmr?id=v7XnV8lDYPyOshpmUpW77' failed: Error during WebSocket handshake: Unexpected response code: 404 @ webpack-internal:///(app-pages-browser)/./node_modules/next/dist/client/dev/hot-reloader/app/web-socket.js:55
[ 4321903ms] [INFO] %cDownload the React DevTools for a better development experience: https://react.dev/link/react-devtools font-weight:bold @ webpack-internal:///(app-pages-browser)/./node_modules/next/dist/next-devtools/shared/forward-logs-shared.js:27
[ 4324908ms] [ERROR] WebSocket connection to 'ws://nbrs-fe.test/_next/webpack-hmr?id=FDtDYHUMwxv1HPvSozEqk' failed: Error during WebSocket handshake: Unexpected response code: 404 @ webpack-internal:///(app-pages-browser)/./node_modules/next/dist/client/dev/hot-reloader/app/web-socket.js:55
[ 4327221ms] [ERROR] WebSocket connection to 'ws://nbrs-fe.test/_next/webpack-hmr?id=FDtDYHUMwxv1HPvSozEqk' failed: Error during WebSocket handshake: Unexpected response code: 404 @ webpack-internal:///(app-pages-browser)/./node_modules/next/dist/client/dev/hot-reloader/app/web-socket.js:55
[ 4330360ms] [ERROR] WebSocket connection to 'ws://nbrs-fe.test/_next/webpack-hmr?id=FDtDYHUMwxv1HPvSozEqk' failed: Error during WebSocket handshake: Unexpected response code: 404 @ webpack-internal:///(app-pages-browser)/./node_modules/next/dist/client/dev/hot-reloader/app/web-socket.js:55
[ 4333326ms] [ERROR] WebSocket connection to 'ws://nbrs-fe.test/_next/webpack-hmr?id=FDtDYHUMwxv1HPvSozEqk' failed: Error during WebSocket handshake: Unexpected response code: 404 @ webpack-internal:///(app-pages-browser)/./node_modules/next/dist/client/dev/hot-reloader/app/web-socket.js:55
[ 4337461ms] [ERROR] WebSocket connection to 'ws://nbrs-fe.test/_next/webpack-hmr?id=FDtDYHUMwxv1HPvSozEqk' failed: Error during WebSocket handshake: Unexpected response code: 404 @ webpack-internal:///(app-pages-browser)/./node_modules/next/dist/client/dev/hot-reloader/app/web-socket.js:55
[ 4341626ms] [ERROR] WebSocket connection to 'ws://nbrs-fe.test/_next/webpack-hmr?id=FDtDYHUMwxv1HPvSozEqk' failed: Error during WebSocket handshake: Unexpected response code: 404 @ webpack-internal:///(app-pages-browser)/./node_modules/next/dist/client/dev/hot-reloader/app/web-socket.js:55
[ 4350060ms] [ERROR] WebSocket connection to 'ws://nbrs-fe.test/_next/webpack-hmr?id=FDtDYHUMwxv1HPvSozEqk' failed: Error during WebSocket handshake: Unexpected response code: 404 @ webpack-internal:///(app-pages-browser)/./node_modules/next/dist/client/dev/hot-reloader/app/web-socket.js:55
[ 4358465ms] [ERROR] WebSocket connection to 'ws://nbrs-fe.test/_next/webpack-hmr?id=FDtDYHUMwxv1HPvSozEqk' failed: Error during WebSocket handshake: Unexpected response code: 404 @ webpack-internal:///(app-pages-browser)/./node_modules/next/dist/client/dev/hot-reloader/app/web-socket.js:55
[ 4365280ms] [ERROR] WebSocket connection to 'ws://nbrs-fe.test/_next/webpack-hmr?id=FDtDYHUMwxv1HPvSozEqk' failed: Error during WebSocket handshake: Unexpected response code: 404 @ webpack-internal:///(app-pages-browser)/./node_modules/next/dist/client/dev/hot-reloader/app/web-socket.js:55
[ 4372648ms] [ERROR] WebSocket connection to 'ws://nbrs-fe.test/_next/webpack-hmr?id=FDtDYHUMwxv1HPvSozEqk' failed: Error during WebSocket handshake: Unexpected response code: 404 @ webpack-internal:///(app-pages-browser)/./node_modules/next/dist/client/dev/hot-reloader/app/web-socket.js:55
[ 4381792ms] [ERROR] WebSocket connection to 'ws://nbrs-fe.test/_next/webpack-hmr?id=FDtDYHUMwxv1HPvSozEqk' failed: Error during WebSocket handshake: Unexpected response code: 404 @ webpack-internal:///(app-pages-browser)/./node_modules/next/dist/client/dev/hot-reloader/app/web-socket.js:55
[ 4389753ms] [ERROR] WebSocket connection to 'ws://nbrs-fe.test/_next/webpack-hmr?id=FDtDYHUMwxv1HPvSozEqk' failed: Error during WebSocket handshake: Unexpected response code: 404 @ webpack-internal:///(app-pages-browser)/./node_modules/next/dist/client/dev/hot-reloader/app/web-socket.js:55
[ 4398168ms] [ERROR] WebSocket connection to 'ws://nbrs-fe.test/_next/webpack-hmr?id=FDtDYHUMwxv1HPvSozEqk' failed: Error during WebSocket handshake: Unexpected response code: 404 @ webpack-internal:///(app-pages-browser)/./node_modules/next/dist/client/dev/hot-reloader/app/web-socket.js:55
[ 4400361ms] [INFO] %cDownload the React DevTools for a better development experience: https://react.dev/link/react-devtools font-weight:bold @ webpack-internal:///(app-pages-browser)/./node_modules/next/dist/next-devtools/shared/forward-logs-shared.js:27
[ 4404144ms] [ERROR] WebSocket connection to 'ws://nbrs-fe.test/_next/webpack-hmr?id=d6v6zXnpbjpLHm6ImfJm-' failed: Error during WebSocket handshake: Unexpected response code: 404 @ webpack-internal:///(app-pages-browser)/./node_modules/next/dist/client/dev/hot-reloader/app/web-socket.js:55
[ 4408669ms] [ERROR] WebSocket connection to 'ws://nbrs-fe.test/_next/webpack-hmr?id=d6v6zXnpbjpLHm6ImfJm-' failed: Error during WebSocket handshake: Unexpected response code: 404 @ webpack-internal:///(app-pages-browser)/./node_modules/next/dist/client/dev/hot-reloader/app/web-socket.js:55
[ 4412093ms] [ERROR] WebSocket connection to 'ws://nbrs-fe.test/_next/webpack-hmr?id=d6v6zXnpbjpLHm6ImfJm-' failed: Error during WebSocket handshake: Unexpected response code: 404 @ webpack-internal:///(app-pages-browser)/./node_modules/next/dist/client/dev/hot-reloader/app/web-socket.js:55
[ 4417047ms] [ERROR] WebSocket connection to 'ws://nbrs-fe.test/_next/webpack-hmr?id=d6v6zXnpbjpLHm6ImfJm-' failed: Error during WebSocket handshake: Unexpected response code: 404 @ webpack-internal:///(app-pages-browser)/./node_modules/next/dist/client/dev/hot-reloader/app/web-socket.js:55
[ 4420349ms] [ERROR] WebSocket connection to 'ws://nbrs-fe.test/_next/webpack-hmr?id=d6v6zXnpbjpLHm6ImfJm-' failed: Error during WebSocket handshake: Unexpected response code: 404 @ webpack-internal:///(app-pages-browser)/./node_modules/next/dist/client/dev/hot-reloader/app/web-socket.js:55
[ 4423795ms] [ERROR] WebSocket connection to 'ws://nbrs-fe.test/_next/webpack-hmr?id=d6v6zXnpbjpLHm6ImfJm-' failed: Error during WebSocket handshake: Unexpected response code: 404 @ webpack-internal:///(app-pages-browser)/./node_modules/next/dist/client/dev/hot-reloader/app/web-socket.js:55
[ 4430102ms] [ERROR] WebSocket connection to 'ws://nbrs-fe.test/_next/webpack-hmr?id=d6v6zXnpbjpLHm6ImfJm-' failed: Error during WebSocket handshake: Unexpected response code: 404 @ webpack-internal:///(app-pages-browser)/./node_modules/next/dist/client/dev/hot-reloader/app/web-socket.js:55
[ 4437076ms] [ERROR] WebSocket connection to 'ws://nbrs-fe.test/_next/webpack-hmr?id=d6v6zXnpbjpLHm6ImfJm-' failed: Error during WebSocket handshake: Unexpected response code: 404 @ webpack-internal:///(app-pages-browser)/./node_modules/next/dist/client/dev/hot-reloader/app/web-socket.js:55
[ 4446148ms] [ERROR] WebSocket connection to 'ws://nbrs-fe.test/_next/webpack-hmr?id=d6v6zXnpbjpLHm6ImfJm-' failed: Error during WebSocket handshake: Unexpected response code: 404 @ webpack-internal:///(app-pages-browser)/./node_modules/next/dist/client/dev/hot-reloader/app/web-socket.js:55
[ 4453970ms] [ERROR] WebSocket connection to 'ws://nbrs-fe.test/_next/webpack-hmr?id=d6v6zXnpbjpLHm6ImfJm-' failed: Error during WebSocket handshake: Unexpected response code: 404 @ webpack-internal:///(app-pages-browser)/./node_modules/next/dist/client/dev/hot-reloader/app/web-socket.js:55
[ 4460077ms] [ERROR] WebSocket connection to 'ws://nbrs-fe.test/_next/webpack-hmr?id=d6v6zXnpbjpLHm6ImfJm-' failed: Error during WebSocket handshake: Unexpected response code: 404 @ webpack-internal:///(app-pages-browser)/./node_modules/next/dist/client/dev/hot-reloader/app/web-socket.js:55
[ 4466500ms] [ERROR] WebSocket connection to 'ws://nbrs-fe.test/_next/webpack-hmr?id=d6v6zXnpbjpLHm6ImfJm-' failed: Error during WebSocket handshake: Unexpected response code: 404 @ webpack-internal:///(app-pages-browser)/./node_modules/next/dist/client/dev/hot-reloader/app/web-socket.js:55
[ 4473979ms] [ERROR] WebSocket connection to 'ws://nbrs-fe.test/_next/webpack-hmr?id=d6v6zXnpbjpLHm6ImfJm-' failed: Error during WebSocket handshake: Unexpected response code: 404 @ webpack-internal:///(app-pages-browser)/./node_modules/next/dist/client/dev/hot-reloader/app/web-socket.js:55
[ 4476762ms] [INFO] %cDownload the React DevTools for a better development experience: https://react.dev/link/react-devtools font-weight:bold @ webpack-internal:///(app-pages-browser)/./node_modules/next/dist/next-devtools/shared/forward-logs-shared.js:27
[ 4480476ms] [ERROR] WebSocket connection to 'ws://nbrs-fe.test/_next/webpack-hmr?id=yVVuEorsa7XmUT0zAjIRt' failed: Error during WebSocket handshake: Unexpected response code: 404 @ webpack-internal:///(app-pages-browser)/./node_modules/next/dist/client/dev/hot-reloader/app/web-socket.js:55
[ 4485743ms] [ERROR] WebSocket connection to 'ws://nbrs-fe.test/_next/webpack-hmr?id=yVVuEorsa7XmUT0zAjIRt' failed: Error during WebSocket handshake: Unexpected response code: 404 @ webpack-internal:///(app-pages-browser)/./node_modules/next/dist/client/dev/hot-reloader/app/web-socket.js:55
[ 4488832ms] [ERROR] WebSocket connection to 'ws://nbrs-fe.test/_next/webpack-hmr?id=yVVuEorsa7XmUT0zAjIRt' failed: Error during WebSocket handshake: Unexpected response code: 404 @ webpack-internal:///(app-pages-browser)/./node_modules/next/dist/client/dev/hot-reloader/app/web-socket.js:55
[ 4491651ms] [ERROR] WebSocket connection to 'ws://nbrs-fe.test/_next/webpack-hmr?id=yVVuEorsa7XmUT0zAjIRt' failed: Error during WebSocket handshake: Unexpected response code: 404 @ webpack-internal:///(app-pages-browser)/./node_modules/next/dist/client/dev/hot-reloader/app/web-socket.js:55
[ 4495201ms] [ERROR] WebSocket connection to 'ws://nbrs-fe.test/_next/webpack-hmr?id=yVVuEorsa7XmUT0zAjIRt' failed: Error during WebSocket handshake: Unexpected response code: 404 @ webpack-internal:///(app-pages-browser)/./node_modules/next/dist/client/dev/hot-reloader/app/web-socket.js:55
[ 4499701ms] [ERROR] WebSocket connection to 'ws://nbrs-fe.test/_next/webpack-hmr?id=yVVuEorsa7XmUT0zAjIRt' failed: Error during WebSocket handshake: Unexpected response code: 404 @ webpack-internal:///(app-pages-browser)/./node_modules/next/dist/client/dev/hot-reloader/app/web-socket.js:55
[ 4505946ms] [ERROR] WebSocket connection to 'ws://nbrs-fe.test/_next/webpack-hmr?id=yVVuEorsa7XmUT0zAjIRt' failed: Error during WebSocket handshake: Unexpected response code: 404 @ webpack-internal:///(app-pages-browser)/./node_modules/next/dist/client/dev/hot-reloader/app/web-socket.js:55
[ 4512334ms] [ERROR] WebSocket connection to 'ws://nbrs-fe.test/_next/webpack-hmr?id=yVVuEorsa7XmUT0zAjIRt' failed: Error during WebSocket handshake: Unexpected response code: 404 @ webpack-internal:///(app-pages-browser)/./node_modules/next/dist/client/dev/hot-reloader/app/web-socket.js:55
[ 4522109ms] [ERROR] WebSocket connection to 'ws://nbrs-fe.test/_next/webpack-hmr?id=yVVuEorsa7XmUT0zAjIRt' failed: Error during WebSocket handshake: Unexpected response code: 404 @ webpack-internal:///(app-pages-browser)/./node_modules/next/dist/client/dev/hot-reloader/app/web-socket.js:55
[ 4529142ms] [ERROR] WebSocket connection to 'ws://nbrs-fe.test/_next/webpack-hmr?id=yVVuEorsa7XmUT0zAjIRt' failed: Error during WebSocket handshake: Unexpected response code: 404 @ webpack-internal:///(app-pages-browser)/./node_modules/next/dist/client/dev/hot-reloader/app/web-socket.js:55
[ 4538985ms] [ERROR] WebSocket connection to 'ws://nbrs-fe.test/_next/webpack-hmr?id=yVVuEorsa7XmUT0zAjIRt' failed: Error during WebSocket handshake: Unexpected response code: 404 @ webpack-internal:///(app-pages-browser)/./node_modules/next/dist/client/dev/hot-reloader/app/web-socket.js:55
[ 4546765ms] [ERROR] WebSocket connection to 'ws://nbrs-fe.test/_next/webpack-hmr?id=yVVuEorsa7XmUT0zAjIRt' failed: Error during WebSocket handshake: Unexpected response code: 404 @ webpack-internal:///(app-pages-browser)/./node_modules/next/dist/client/dev/hot-reloader/app/web-socket.js:55
[ 4555800ms] [ERROR] WebSocket connection to 'ws://nbrs-fe.test/_next/webpack-hmr?id=yVVuEorsa7XmUT0zAjIRt' failed: Error during WebSocket handshake: Unexpected response code: 404 @ webpack-internal:///(app-pages-browser)/./node_modules/next/dist/client/dev/hot-reloader/app/web-socket.js:55
[ 4557686ms] [INFO] %cDownload the React DevTools for a better development experience: https://react.dev/link/react-devtools font-weight:bold @ webpack-internal:///(app-pages-browser)/./node_modules/next/dist/next-devtools/shared/forward-logs-shared.js:27
[ 4560451ms] [ERROR] WebSocket connection to 'ws://nbrs-fe.test/_next/webpack-hmr?id=XI42osP4SBkKqXKFb8Sct' failed: Error during WebSocket handshake: Unexpected response code: 404 @ webpack-internal:///(app-pages-browser)/./node_modules/next/dist/client/dev/hot-reloader/app/web-socket.js:55
[ 4565020ms] [ERROR] WebSocket connection to 'ws://nbrs-fe.test/_next/webpack-hmr?id=XI42osP4SBkKqXKFb8Sct' failed: Error during WebSocket handshake: Unexpected response code: 404 @ webpack-internal:///(app-pages-browser)/./node_modules/next/dist/client/dev/hot-reloader/app/web-socket.js:55
[ 4567565ms] [ERROR] WebSocket connection to 'ws://nbrs-fe.test/_next/webpack-hmr?id=XI42osP4SBkKqXKFb8Sct' failed: Error during WebSocket handshake: Unexpected response code: 404 @ webpack-internal:///(app-pages-browser)/./node_modules/next/dist/client/dev/hot-reloader/app/web-socket.js:55
[ 4573109ms] [ERROR] WebSocket connection to 'ws://nbrs-fe.test/_next/webpack-hmr?id=XI42osP4SBkKqXKFb8Sct' failed: Error during WebSocket handshake: Unexpected response code: 404 @ webpack-internal:///(app-pages-browser)/./node_modules/next/dist/client/dev/hot-reloader/app/web-socket.js:55
[ 4578457ms] [ERROR] WebSocket connection to 'ws://nbrs-fe.test/_next/webpack-hmr?id=XI42osP4SBkKqXKFb8Sct' failed: Error during WebSocket handshake: Unexpected response code: 404 @ webpack-internal:///(app-pages-browser)/./node_modules/next/dist/client/dev/hot-reloader/app/web-socket.js:55
[ 4581947ms] [ERROR] WebSocket connection to 'ws://nbrs-fe.test/_next/webpack-hmr?id=XI42osP4SBkKqXKFb8Sct' failed: Error during WebSocket handshake: Unexpected response code: 404 @ webpack-internal:///(app-pages-browser)/./node_modules/next/dist/client/dev/hot-reloader/app/web-socket.js:55
[ 4589618ms] [ERROR] WebSocket connection to 'ws://nbrs-fe.test/_next/webpack-hmr?id=XI42osP4SBkKqXKFb8Sct' failed: Error during WebSocket handshake: Unexpected response code: 404 @ webpack-internal:///(app-pages-browser)/./node_modules/next/dist/client/dev/hot-reloader/app/web-socket.js:55
[ 4595978ms] [ERROR] WebSocket connection to 'ws://nbrs-fe.test/_next/webpack-hmr?id=XI42osP4SBkKqXKFb8Sct' failed: Error during WebSocket handshake: Unexpected response code: 404 @ webpack-internal:///(app-pages-browser)/./node_modules/next/dist/client/dev/hot-reloader/app/web-socket.js:55
[ 4602659ms] [ERROR] WebSocket connection to 'ws://nbrs-fe.test/_next/webpack-hmr?id=XI42osP4SBkKqXKFb8Sct' failed: Error during WebSocket handshake: Unexpected response code: 404 @ webpack-internal:///(app-pages-browser)/./node_modules/next/dist/client/dev/hot-reloader/app/web-socket.js:55
[ 4610982ms] [ERROR] WebSocket connection to 'ws://nbrs-fe.test/_next/webpack-hmr?id=XI42osP4SBkKqXKFb8Sct' failed: Error during WebSocket handshake: Unexpected response code: 404 @ webpack-internal:///(app-pages-browser)/./node_modules/next/dist/client/dev/hot-reloader/app/web-socket.js:55
[ 4618720ms] [ERROR] WebSocket connection to 'ws://nbrs-fe.test/_next/webpack-hmr?id=XI42osP4SBkKqXKFb8Sct' failed: Error during WebSocket handshake: Unexpected response code: 404 @ webpack-internal:///(app-pages-browser)/./node_modules/next/dist/client/dev/hot-reloader/app/web-socket.js:55
[ 4626550ms] [ERROR] WebSocket connection to 'ws://nbrs-fe.test/_next/webpack-hmr?id=XI42osP4SBkKqXKFb8Sct' failed: Error during WebSocket handshake: Unexpected response code: 404 @ webpack-internal:///(app-pages-browser)/./node_modules/next/dist/client/dev/hot-reloader/app/web-socket.js:55
[ 4634496ms] [ERROR] WebSocket connection to 'ws://nbrs-fe.test/_next/webpack-hmr?id=XI42osP4SBkKqXKFb8Sct' failed: Error during WebSocket handshake: Unexpected response code: 404 @ webpack-internal:///(app-pages-browser)/./node_modules/next/dist/client/dev/hot-reloader/app/web-socket.js:55
[ 4636608ms] [INFO] %cDownload the React DevTools for a better development experience: https://react.dev/link/react-devtools font-weight:bold @ webpack-internal:///(app-pages-browser)/./node_modules/next/dist/next-devtools/shared/forward-logs-shared.js:27
[ 4641141ms] [ERROR] WebSocket connection to 'ws://nbrs-fe.test/_next/webpack-hmr?id=5rv--BqscHRwMCG58Ft_n' failed: Error during WebSocket handshake: Unexpected response code: 404 @ webpack-internal:///(app-pages-browser)/./node_modules/next/dist/client/dev/hot-reloader/app/web-socket.js:55
[ 4646876ms] [ERROR] WebSocket connection to 'ws://nbrs-fe.test/_next/webpack-hmr?id=5rv--BqscHRwMCG58Ft_n' failed: Error during WebSocket handshake: Unexpected response code: 404 @ webpack-internal:///(app-pages-browser)/./node_modules/next/dist/client/dev/hot-reloader/app/web-socket.js:55
[ 4650124ms] [ERROR] WebSocket connection to 'ws://nbrs-fe.test/_next/webpack-hmr?id=5rv--BqscHRwMCG58Ft_n' failed: Error during WebSocket handshake: Unexpected response code: 404 @ webpack-internal:///(app-pages-browser)/./node_modules/next/dist/client/dev/hot-reloader/app/web-socket.js:55
[ 4652618ms] [ERROR] WebSocket connection to 'ws://nbrs-fe.test/_next/webpack-hmr?id=5rv--BqscHRwMCG58Ft_n' failed: Error during WebSocket handshake: Unexpected response code: 404 @ webpack-internal:///(app-pages-browser)/./node_modules/next/dist/client/dev/hot-reloader/app/web-socket.js:55
[ 4656265ms] [ERROR] WebSocket connection to 'ws://nbrs-fe.test/_next/webpack-hmr?id=5rv--BqscHRwMCG58Ft_n' failed: Error during WebSocket handshake: Unexpected response code: 404 @ webpack-internal:///(app-pages-browser)/./node_modules/next/dist/client/dev/hot-reloader/app/web-socket.js:55
[ 4659887ms] [ERROR] WebSocket connection to 'ws://nbrs-fe.test/_next/webpack-hmr?id=5rv--BqscHRwMCG58Ft_n' failed: Error during WebSocket handshake: Unexpected response code: 404 @ webpack-internal:///(app-pages-browser)/./node_modules/next/dist/client/dev/hot-reloader/app/web-socket.js:55
[ 4667030ms] [ERROR] WebSocket connection to 'ws://nbrs-fe.test/_next/webpack-hmr?id=5rv--BqscHRwMCG58Ft_n' failed: Error during WebSocket handshake: Unexpected response code: 404 @ webpack-internal:///(app-pages-browser)/./node_modules/next/dist/client/dev/hot-reloader/app/web-socket.js:55
[ 4673666ms] [ERROR] WebSocket connection to 'ws://nbrs-fe.test/_next/webpack-hmr?id=5rv--BqscHRwMCG58Ft_n' failed: Error during WebSocket handshake: Unexpected response code: 404 @ webpack-internal:///(app-pages-browser)/./node_modules/next/dist/client/dev/hot-reloader/app/web-socket.js:55
[ 4682305ms] [ERROR] WebSocket connection to 'ws://nbrs-fe.test/_next/webpack-hmr?id=5rv--BqscHRwMCG58Ft_n' failed: Error during WebSocket handshake: Unexpected response code: 404 @ webpack-internal:///(app-pages-browser)/./node_modules/next/dist/client/dev/hot-reloader/app/web-socket.js:55
[ 4691507ms] [ERROR] WebSocket connection to 'ws://nbrs-fe.test/_next/webpack-hmr?id=5rv--BqscHRwMCG58Ft_n' failed: Error during WebSocket handshake: Unexpected response code: 404 @ webpack-internal:///(app-pages-browser)/./node_modules/next/dist/client/dev/hot-reloader/app/web-socket.js:55
[ 4699769ms] [ERROR] WebSocket connection to 'ws://nbrs-fe.test/_next/webpack-hmr?id=5rv--BqscHRwMCG58Ft_n' failed: Error during WebSocket handshake: Unexpected response code: 404 @ webpack-internal:///(app-pages-browser)/./node_modules/next/dist/client/dev/hot-reloader/app/web-socket.js:55
[ 4709002ms] [ERROR] WebSocket connection to 'ws://nbrs-fe.test/_next/webpack-hmr?id=5rv--BqscHRwMCG58Ft_n' failed: Error during WebSocket handshake: Unexpected response code: 404 @ webpack-internal:///(app-pages-browser)/./node_modules/next/dist/client/dev/hot-reloader/app/web-socket.js:55
[ 4715183ms] [ERROR] WebSocket connection to 'ws://nbrs-fe.test/_next/webpack-hmr?id=5rv--BqscHRwMCG58Ft_n' failed: Error during WebSocket handshake: Unexpected response code: 404 @ webpack-internal:///(app-pages-browser)/./node_modules/next/dist/client/dev/hot-reloader/app/web-socket.js:55
[ 4719247ms] [INFO] %cDownload the React DevTools for a better development experience: https://react.dev/link/react-devtools font-weight:bold @ webpack-internal:///(app-pages-browser)/./node_modules/next/dist/next-devtools/shared/forward-logs-shared.js:27
[ 4722270ms] [ERROR] WebSocket connection to 'ws://nbrs-fe.test/_next/webpack-hmr?id=CWGZWDo1tg6f7vp6qK3co' failed: Error during WebSocket handshake: Unexpected response code: 404 @ webpack-internal:///(app-pages-browser)/./node_modules/next/dist/client/dev/hot-reloader/app/web-socket.js:55
[ 4724943ms] [ERROR] WebSocket connection to 'ws://nbrs-fe.test/_next/webpack-hmr?id=CWGZWDo1tg6f7vp6qK3co' failed: Error during WebSocket handshake: Unexpected response code: 404 @ webpack-internal:///(app-pages-browser)/./node_modules/next/dist/client/dev/hot-reloader/app/web-socket.js:55
[ 4730684ms] [ERROR] WebSocket connection to 'ws://nbrs-fe.test/_next/webpack-hmr?id=CWGZWDo1tg6f7vp6qK3co' failed: Error during WebSocket handshake: Unexpected response code: 404 @ webpack-internal:///(app-pages-browser)/./node_modules/next/dist/client/dev/hot-reloader/app/web-socket.js:55
[ 4731796ms] [ERROR] WebSocket connection to 'ws://nbrs-fe.test/_next/webpack-hmr?id=CWGZWDo1tg6f7vp6qK3co' failed: Error during WebSocket handshake: Unexpected response code: 404 @ webpack-internal:///(app-pages-browser)/./node_modules/next/dist/client/dev/hot-reloader/app/web-socket.js:55
[ 4732884ms] [ERROR] WebSocket connection to 'ws://nbrs-fe.test/_next/webpack-hmr?id=CWGZWDo1tg6f7vp6qK3co' failed: Error during WebSocket handshake: Unexpected response code: 404 @ webpack-internal:///(app-pages-browser)/./node_modules/next/dist/client/dev/hot-reloader/app/web-socket.js:55
[ 4733950ms] [ERROR] WebSocket connection to 'ws://nbrs-fe.test/_next/webpack-hmr?id=CWGZWDo1tg6f7vp6qK3co' failed: Error during WebSocket handshake: Unexpected response code: 404 @ webpack-internal:///(app-pages-browser)/./node_modules/next/dist/client/dev/hot-reloader/app/web-socket.js:55
[ 4739030ms] [ERROR] WebSocket connection to 'ws://nbrs-fe.test/_next/webpack-hmr?id=CWGZWDo1tg6f7vp6qK3co' failed: Error during WebSocket handshake: Unexpected response code: 404 @ webpack-internal:///(app-pages-browser)/./node_modules/next/dist/client/dev/hot-reloader/app/web-socket.js:55
[ 4744206ms] [ERROR] WebSocket connection to 'ws://nbrs-fe.test/_next/webpack-hmr?id=CWGZWDo1tg6f7vp6qK3co' failed: Error during WebSocket handshake: Unexpected response code: 404 @ webpack-internal:///(app-pages-browser)/./node_modules/next/dist/client/dev/hot-reloader/app/web-socket.js:55
[ 4749446ms] [ERROR] WebSocket connection to 'ws://nbrs-fe.test/_next/webpack-hmr?id=CWGZWDo1tg6f7vp6qK3co' failed: Error during WebSocket handshake: Unexpected response code: 404 @ webpack-internal:///(app-pages-browser)/./node_modules/next/dist/client/dev/hot-reloader/app/web-socket.js:55
[ 4754644ms] [ERROR] WebSocket connection to 'ws://nbrs-fe.test/_next/webpack-hmr?id=CWGZWDo1tg6f7vp6qK3co' failed: Error during WebSocket handshake: Unexpected response code: 404 @ webpack-internal:///(app-pages-browser)/./node_modules/next/dist/client/dev/hot-reloader/app/web-socket.js:55
[ 4759791ms] [ERROR] WebSocket connection to 'ws://nbrs-fe.test/_next/webpack-hmr?id=CWGZWDo1tg6f7vp6qK3co' failed: Error during WebSocket handshake: Unexpected response code: 404 @ webpack-internal:///(app-pages-browser)/./node_modules/next/dist/client/dev/hot-reloader/app/web-socket.js:55
[ 4764917ms] [ERROR] WebSocket connection to 'ws://nbrs-fe.test/_next/webpack-hmr?id=CWGZWDo1tg6f7vp6qK3co' failed: Error during WebSocket handshake: Unexpected response code: 404 @ webpack-internal:///(app-pages-browser)/./node_modules/next/dist/client/dev/hot-reloader/app/web-socket.js:55
[ 4769999ms] [ERROR] WebSocket connection to 'ws://nbrs-fe.test/_next/webpack-hmr?id=CWGZWDo1tg6f7vp6qK3co' failed: Error during WebSocket handshake: Unexpected response code: 404 @ webpack-internal:///(app-pages-browser)/./node_modules/next/dist/client/dev/hot-reloader/app/web-socket.js:55
[ 4772909ms] [INFO] %cDownload the React DevTools for a better development experience: https://react.dev/link/react-devtools font-weight:bold @ webpack-internal:///(app-pages-browser)/./node_modules/next/dist/next-devtools/shared/forward-logs-shared.js:27
[ 4774514ms] [ERROR] WebSocket connection to 'ws://nbrs-fe.test/_next/webpack-hmr?id=C2gwn2j92zi6u2plkNW4s' failed: Error during WebSocket handshake: Unexpected response code: 404 @ webpack-internal:///(app-pages-browser)/./node_modules/next/dist/client/dev/hot-reloader/app/web-socket.js:55
[ 4775866ms] [ERROR] WebSocket connection to 'ws://nbrs-fe.test/_next/webpack-hmr?id=C2gwn2j92zi6u2plkNW4s' failed: Error during WebSocket handshake: Unexpected response code: 404 @ webpack-internal:///(app-pages-browser)/./node_modules/next/dist/client/dev/hot-reloader/app/web-socket.js:55
[ 4777151ms] [ERROR] WebSocket connection to 'ws://nbrs-fe.test/_next/webpack-hmr?id=C2gwn2j92zi6u2plkNW4s' failed: Error during WebSocket handshake: Unexpected response code: 404 @ webpack-internal:///(app-pages-browser)/./node_modules/next/dist/client/dev/hot-reloader/app/web-socket.js:55
[ 4778637ms] [ERROR] WebSocket connection to 'ws://nbrs-fe.test/_next/webpack-hmr?id=C2gwn2j92zi6u2plkNW4s' failed: Error during WebSocket handshake: Unexpected response code: 404 @ webpack-internal:///(app-pages-browser)/./node_modules/next/dist/client/dev/hot-reloader/app/web-socket.js:55
[ 4780361ms] [ERROR] WebSocket connection to 'ws://nbrs-fe.test/_next/webpack-hmr?id=C2gwn2j92zi6u2plkNW4s' failed: Error during WebSocket handshake: Unexpected response code: 404 @ webpack-internal:///(app-pages-browser)/./node_modules/next/dist/client/dev/hot-reloader/app/web-socket.js:55
[ 4782662ms] [ERROR] WebSocket connection to 'ws://nbrs-fe.test/_next/webpack-hmr?id=C2gwn2j92zi6u2plkNW4s' failed: Error during WebSocket handshake: Unexpected response code: 404 @ webpack-internal:///(app-pages-browser)/./node_modules/next/dist/client/dev/hot-reloader/app/web-socket.js:55
[ 4792232ms] [ERROR] WebSocket connection to 'ws://nbrs-fe.test/_next/webpack-hmr?id=C2gwn2j92zi6u2plkNW4s' failed: Error during WebSocket handshake: Unexpected response code: 404 @ webpack-internal:///(app-pages-browser)/./node_modules/next/dist/client/dev/hot-reloader/app/web-socket.js:55
[ 4799034ms] [ERROR] WebSocket connection to 'ws://nbrs-fe.test/_next/webpack-hmr?id=C2gwn2j92zi6u2plkNW4s' failed: Error during WebSocket handshake: Unexpected response code: 404 @ webpack-internal:///(app-pages-browser)/./node_modules/next/dist/client/dev/hot-reloader/app/web-socket.js:55
[ 4806837ms] [ERROR] WebSocket connection to 'ws://nbrs-fe.test/_next/webpack-hmr?id=C2gwn2j92zi6u2plkNW4s' failed: Error during WebSocket handshake: Unexpected response code: 404 @ webpack-internal:///(app-pages-browser)/./node_modules/next/dist/client/dev/hot-reloader/app/web-socket.js:55
[ 4816999ms] [ERROR] WebSocket connection to 'ws://nbrs-fe.test/_next/webpack-hmr?id=C2gwn2j92zi6u2plkNW4s' failed: Error during WebSocket handshake: Unexpected response code: 404 @ webpack-internal:///(app-pages-browser)/./node_modules/next/dist/client/dev/hot-reloader/app/web-socket.js:55
[ 4823280ms] [ERROR] WebSocket connection to 'ws://nbrs-fe.test/_next/webpack-hmr?id=C2gwn2j92zi6u2plkNW4s' failed: Error during WebSocket handshake: Unexpected response code: 404 @ webpack-internal:///(app-pages-browser)/./node_modules/next/dist/client/dev/hot-reloader/app/web-socket.js:55
[ 4830737ms] [ERROR] WebSocket connection to 'ws://nbrs-fe.test/_next/webpack-hmr?id=C2gwn2j92zi6u2plkNW4s' failed: Error during WebSocket handshake: Unexpected response code: 404 @ webpack-internal:///(app-pages-browser)/./node_modules/next/dist/client/dev/hot-reloader/app/web-socket.js:55
[ 4840643ms] [ERROR] WebSocket connection to 'ws://nbrs-fe.test/_next/webpack-hmr?id=C2gwn2j92zi6u2plkNW4s' failed: Error during WebSocket handshake: Unexpected response code: 404 @ webpack-internal:///(app-pages-browser)/./node_modules/next/dist/client/dev/hot-reloader/app/web-socket.js:55
[ 4845034ms] [INFO] %cDownload the React DevTools for a better development experience: https://react.dev/link/react-devtools font-weight:bold @ webpack-internal:///(app-pages-browser)/./node_modules/next/dist/next-devtools/shared/forward-logs-shared.js:27
[ 4848411ms] [ERROR] WebSocket connection to 'ws://nbrs-fe.test/_next/webpack-hmr?id=VZz_QheooGvIUZSK-g0a-' failed: Error during WebSocket handshake: Unexpected response code: 404 @ webpack-internal:///(app-pages-browser)/./node_modules/next/dist/client/dev/hot-reloader/app/web-socket.js:55
[ 4852165ms] [ERROR] WebSocket connection to 'ws://nbrs-fe.test/_next/webpack-hmr?id=VZz_QheooGvIUZSK-g0a-' failed: Error during WebSocket handshake: Unexpected response code: 404 @ webpack-internal:///(app-pages-browser)/./node_modules/next/dist/client/dev/hot-reloader/app/web-socket.js:55
[ 4858057ms] [ERROR] WebSocket connection to 'ws://nbrs-fe.test/_next/webpack-hmr?id=VZz_QheooGvIUZSK-g0a-' failed: Error during WebSocket handshake: Unexpected response code: 404 @ webpack-internal:///(app-pages-browser)/./node_modules/next/dist/client/dev/hot-reloader/app/web-socket.js:55
[ 4863075ms] [ERROR] WebSocket connection to 'ws://nbrs-fe.test/_next/webpack-hmr?id=VZz_QheooGvIUZSK-g0a-' failed: Error during WebSocket handshake: Unexpected response code: 404 @ webpack-internal:///(app-pages-browser)/./node_modules/next/dist/client/dev/hot-reloader/app/web-socket.js:55
[ 4868984ms] [ERROR] WebSocket connection to 'ws://nbrs-fe.test/_next/webpack-hmr?id=VZz_QheooGvIUZSK-g0a-' failed: Error during WebSocket handshake: Unexpected response code: 404 @ webpack-internal:///(app-pages-browser)/./node_modules/next/dist/client/dev/hot-reloader/app/web-socket.js:55
[ 4873407ms] [ERROR] WebSocket connection to 'ws://nbrs-fe.test/_next/webpack-hmr?id=VZz_QheooGvIUZSK-g0a-' failed: Error during WebSocket handshake: Unexpected response code: 404 @ webpack-internal:///(app-pages-browser)/./node_modules/next/dist/client/dev/hot-reloader/app/web-socket.js:55
[ 4880468ms] [ERROR] WebSocket connection to 'ws://nbrs-fe.test/_next/webpack-hmr?id=VZz_QheooGvIUZSK-g0a-' failed: Error during WebSocket handshake: Unexpected response code: 404 @ webpack-internal:///(app-pages-browser)/./node_modules/next/dist/client/dev/hot-reloader/app/web-socket.js:55
[ 4888707ms] [ERROR] WebSocket connection to 'ws://nbrs-fe.test/_next/webpack-hmr?id=VZz_QheooGvIUZSK-g0a-' failed: Error during WebSocket handshake: Unexpected response code: 404 @ webpack-internal:///(app-pages-browser)/./node_modules/next/dist/client/dev/hot-reloader/app/web-socket.js:55
[ 4898509ms] [ERROR] WebSocket connection to 'ws://nbrs-fe.test/_next/webpack-hmr?id=VZz_QheooGvIUZSK-g0a-' failed: Error during WebSocket handshake: Unexpected response code: 404 @ webpack-internal:///(app-pages-browser)/./node_modules/next/dist/client/dev/hot-reloader/app/web-socket.js:55
[ 4905625ms] [ERROR] WebSocket connection to 'ws://nbrs-fe.test/_next/webpack-hmr?id=VZz_QheooGvIUZSK-g0a-' failed: Error during WebSocket handshake: Unexpected response code: 404 @ webpack-internal:///(app-pages-browser)/./node_modules/next/dist/client/dev/hot-reloader/app/web-socket.js:55
[ 4915449ms] [ERROR] WebSocket connection to 'ws://nbrs-fe.test/_next/webpack-hmr?id=VZz_QheooGvIUZSK-g0a-' failed: Error during WebSocket handshake: Unexpected response code: 404 @ webpack-internal:///(app-pages-browser)/./node_modules/next/dist/client/dev/hot-reloader/app/web-socket.js:55
[ 4925277ms] [ERROR] WebSocket connection to 'ws://nbrs-fe.test/_next/webpack-hmr?id=VZz_QheooGvIUZSK-g0a-' failed: Error during WebSocket handshake: Unexpected response code: 404 @ webpack-internal:///(app-pages-browser)/./node_modules/next/dist/client/dev/hot-reloader/app/web-socket.js:55
[ 4931915ms] [ERROR] WebSocket connection to 'ws://nbrs-fe.test/_next/webpack-hmr?id=VZz_QheooGvIUZSK-g0a-' failed: Error during WebSocket handshake: Unexpected response code: 404 @ webpack-internal:///(app-pages-browser)/./node_modules/next/dist/client/dev/hot-reloader/app/web-socket.js:55
[ 4934110ms] [INFO] %cDownload the React DevTools for a better development experience: https://react.dev/link/react-devtools font-weight:bold @ webpack-internal:///(app-pages-browser)/./node_modules/next/dist/next-devtools/shared/forward-logs-shared.js:27
[ 4936454ms] [ERROR] WebSocket connection to 'ws://nbrs-fe.test/_next/webpack-hmr?id=s3ZOPkBCLVPzr8lDiqf1z' failed: Error during WebSocket handshake: Unexpected response code: 404 @ webpack-internal:///(app-pages-browser)/./node_modules/next/dist/client/dev/hot-reloader/app/web-socket.js:55
[ 4939269ms] [ERROR] WebSocket connection to 'ws://nbrs-fe.test/_next/webpack-hmr?id=s3ZOPkBCLVPzr8lDiqf1z' failed: Error during WebSocket handshake: Unexpected response code: 404 @ webpack-internal:///(app-pages-browser)/./node_modules/next/dist/client/dev/hot-reloader/app/web-socket.js:55
[ 4943636ms] [ERROR] WebSocket connection to 'ws://nbrs-fe.test/_next/webpack-hmr?id=s3ZOPkBCLVPzr8lDiqf1z' failed: Error during WebSocket handshake: Unexpected response code: 404 @ webpack-internal:///(app-pages-browser)/./node_modules/next/dist/client/dev/hot-reloader/app/web-socket.js:55
[ 4947991ms] [ERROR] WebSocket connection to 'ws://nbrs-fe.test/_next/webpack-hmr?id=s3ZOPkBCLVPzr8lDiqf1z' failed: Error during WebSocket handshake: Unexpected response code: 404 @ webpack-internal:///(app-pages-browser)/./node_modules/next/dist/client/dev/hot-reloader/app/web-socket.js:55
[ 4953201ms] [ERROR] WebSocket connection to 'ws://nbrs-fe.test/_next/webpack-hmr?id=s3ZOPkBCLVPzr8lDiqf1z' failed: Error during WebSocket handshake: Unexpected response code: 404 @ webpack-internal:///(app-pages-browser)/./node_modules/next/dist/client/dev/hot-reloader/app/web-socket.js:55
[ 4958589ms] [ERROR] WebSocket connection to 'ws://nbrs-fe.test/_next/webpack-hmr?id=s3ZOPkBCLVPzr8lDiqf1z' failed: Error during WebSocket handshake: Unexpected response code: 404 @ webpack-internal:///(app-pages-browser)/./node_modules/next/dist/client/dev/hot-reloader/app/web-socket.js:55
[ 4965903ms] [ERROR] WebSocket connection to 'ws://nbrs-fe.test/_next/webpack-hmr?id=s3ZOPkBCLVPzr8lDiqf1z' failed: Error during WebSocket handshake: Unexpected response code: 404 @ webpack-internal:///(app-pages-browser)/./node_modules/next/dist/client/dev/hot-reloader/app/web-socket.js:55
[ 4972977ms] [ERROR] WebSocket connection to 'ws://nbrs-fe.test/_next/webpack-hmr?id=s3ZOPkBCLVPzr8lDiqf1z' failed: Error during WebSocket handshake: Unexpected response code: 404 @ webpack-internal:///(app-pages-browser)/./node_modules/next/dist/client/dev/hot-reloader/app/web-socket.js:55
[ 4980218ms] [ERROR] WebSocket connection to 'ws://nbrs-fe.test/_next/webpack-hmr?id=s3ZOPkBCLVPzr8lDiqf1z' failed: Error during WebSocket handshake: Unexpected response code: 404 @ webpack-internal:///(app-pages-browser)/./node_modules/next/dist/client/dev/hot-reloader/app/web-socket.js:55
[ 4988262ms] [ERROR] WebSocket connection to 'ws://nbrs-fe.test/_next/webpack-hmr?id=s3ZOPkBCLVPzr8lDiqf1z' failed: Error during WebSocket handshake: Unexpected response code: 404 @ webpack-internal:///(app-pages-browser)/./node_modules/next/dist/client/dev/hot-reloader/app/web-socket.js:55
[ 4994904ms] [ERROR] WebSocket connection to 'ws://nbrs-fe.test/_next/webpack-hmr?id=s3ZOPkBCLVPzr8lDiqf1z' failed: Error during WebSocket handshake: Unexpected response code: 404 @ webpack-internal:///(app-pages-browser)/./node_modules/next/dist/client/dev/hot-reloader/app/web-socket.js:55
[ 5002029ms] [ERROR] WebSocket connection to 'ws://nbrs-fe.test/_next/webpack-hmr?id=s3ZOPkBCLVPzr8lDiqf1z' failed: Error during WebSocket handshake: Unexpected response code: 404 @ webpack-internal:///(app-pages-browser)/./node_modules/next/dist/client/dev/hot-reloader/app/web-socket.js:55
[ 5008756ms] [ERROR] WebSocket connection to 'ws://nbrs-fe.test/_next/webpack-hmr?id=s3ZOPkBCLVPzr8lDiqf1z' failed: Error during WebSocket handshake: Unexpected response code: 404 @ webpack-internal:///(app-pages-browser)/./node_modules/next/dist/client/dev/hot-reloader/app/web-socket.js:55
[ 5010536ms] [INFO] %cDownload the React DevTools for a better development experience: https://react.dev/link/react-devtools font-weight:bold @ webpack-internal:///(app-pages-browser)/./node_modules/next/dist/next-devtools/shared/forward-logs-shared.js:27
[ 5015406ms] [ERROR] WebSocket connection to 'ws://nbrs-fe.test/_next/webpack-hmr?id=Mv7VHMhdRLB1DSTyYaCII' failed: Error during WebSocket handshake: Unexpected response code: 404 @ webpack-internal:///(app-pages-browser)/./node_modules/next/dist/client/dev/hot-reloader/app/web-socket.js:55
[ 5021162ms] [ERROR] WebSocket connection to 'ws://nbrs-fe.test/_next/webpack-hmr?id=Mv7VHMhdRLB1DSTyYaCII' failed: Error during WebSocket handshake: Unexpected response code: 404 @ webpack-internal:///(app-pages-browser)/./node_modules/next/dist/client/dev/hot-reloader/app/web-socket.js:55
[ 5023517ms] [ERROR] WebSocket connection to 'ws://nbrs-fe.test/_next/webpack-hmr?id=Mv7VHMhdRLB1DSTyYaCII' failed: Error during WebSocket handshake: Unexpected response code: 404 @ webpack-internal:///(app-pages-browser)/./node_modules/next/dist/client/dev/hot-reloader/app/web-socket.js:55
[ 5029045ms] [ERROR] WebSocket connection to 'ws://nbrs-fe.test/_next/webpack-hmr?id=Mv7VHMhdRLB1DSTyYaCII' failed: Error during WebSocket handshake: Unexpected response code: 404 @ webpack-internal:///(app-pages-browser)/./node_modules/next/dist/client/dev/hot-reloader/app/web-socket.js:55
[ 5034713ms] [ERROR] WebSocket connection to 'ws://nbrs-fe.test/_next/webpack-hmr?id=Mv7VHMhdRLB1DSTyYaCII' failed: Error during WebSocket handshake: Unexpected response code: 404 @ webpack-internal:///(app-pages-browser)/./node_modules/next/dist/client/dev/hot-reloader/app/web-socket.js:55
[ 5037031ms] [ERROR] WebSocket connection to 'ws://nbrs-fe.test/_next/webpack-hmr?id=Mv7VHMhdRLB1DSTyYaCII' failed: Error during WebSocket handshake: Unexpected response code: 404 @ webpack-internal:///(app-pages-browser)/./node_modules/next/dist/client/dev/hot-reloader/app/web-socket.js:55
[ 5046987ms] [ERROR] WebSocket connection to 'ws://nbrs-fe.test/_next/webpack-hmr?id=Mv7VHMhdRLB1DSTyYaCII' failed: Error during WebSocket handshake: Unexpected response code: 404 @ webpack-internal:///(app-pages-browser)/./node_modules/next/dist/client/dev/hot-reloader/app/web-socket.js:55
[ 5056856ms] [ERROR] WebSocket connection to 'ws://nbrs-fe.test/_next/webpack-hmr?id=Mv7VHMhdRLB1DSTyYaCII' failed: Error during WebSocket handshake: Unexpected response code: 404 @ webpack-internal:///(app-pages-browser)/./node_modules/next/dist/client/dev/hot-reloader/app/web-socket.js:55
[ 5064237ms] [ERROR] WebSocket connection to 'ws://nbrs-fe.test/_next/webpack-hmr?id=Mv7VHMhdRLB1DSTyYaCII' failed: Error during WebSocket handshake: Unexpected response code: 404 @ webpack-internal:///(app-pages-browser)/./node_modules/next/dist/client/dev/hot-reloader/app/web-socket.js:55
[ 5073049ms] [ERROR] WebSocket connection to 'ws://nbrs-fe.test/_next/webpack-hmr?id=Mv7VHMhdRLB1DSTyYaCII' failed: Error during WebSocket handshake: Unexpected response code: 404 @ webpack-internal:///(app-pages-browser)/./node_modules/next/dist/client/dev/hot-reloader/app/web-socket.js:55
[ 5081454ms] [ERROR] WebSocket connection to 'ws://nbrs-fe.test/_next/webpack-hmr?id=Mv7VHMhdRLB1DSTyYaCII' failed: Error during WebSocket handshake: Unexpected response code: 404 @ webpack-internal:///(app-pages-browser)/./node_modules/next/dist/client/dev/hot-reloader/app/web-socket.js:55
[ 5090635ms] [ERROR] WebSocket connection to 'ws://nbrs-fe.test/_next/webpack-hmr?id=Mv7VHMhdRLB1DSTyYaCII' failed: Error during WebSocket handshake: Unexpected response code: 404 @ webpack-internal:///(app-pages-browser)/./node_modules/next/dist/client/dev/hot-reloader/app/web-socket.js:55
[ 5095806ms] [ERROR] WebSocket connection to 'ws://nbrs-fe.test/_next/webpack-hmr?id=Mv7VHMhdRLB1DSTyYaCII' failed: Error during WebSocket handshake: Unexpected response code: 404 @ webpack-internal:///(app-pages-browser)/./node_modules/next/dist/client/dev/hot-reloader/app/web-socket.js:55
[ 5099193ms] [INFO] %cDownload the React DevTools for a better development experience: https://react.dev/link/react-devtools font-weight:bold @ webpack-internal:///(app-pages-browser)/./node_modules/next/dist/next-devtools/shared/forward-logs-shared.js:27
[ 5100768ms] [ERROR] WebSocket connection to 'ws://nbrs-fe.test/_next/webpack-hmr?id=Ro18tIXKeKcOImhYJTdlk' failed: Error during WebSocket handshake: Unexpected response code: 404 @ webpack-internal:///(app-pages-browser)/./node_modules/next/dist/client/dev/hot-reloader/app/web-socket.js:55
[ 5101878ms] [ERROR] WebSocket connection to 'ws://nbrs-fe.test/_next/webpack-hmr?id=Ro18tIXKeKcOImhYJTdlk' failed: Error during WebSocket handshake: Unexpected response code: 404 @ webpack-internal:///(app-pages-browser)/./node_modules/next/dist/client/dev/hot-reloader/app/web-socket.js:55
[ 5103179ms] [ERROR] WebSocket connection to 'ws://nbrs-fe.test/_next/webpack-hmr?id=Ro18tIXKeKcOImhYJTdlk' failed: Error during WebSocket handshake: Unexpected response code: 404 @ webpack-internal:///(app-pages-browser)/./node_modules/next/dist/client/dev/hot-reloader/app/web-socket.js:55
[ 5104393ms] [ERROR] WebSocket connection to 'ws://nbrs-fe.test/_next/webpack-hmr?id=Ro18tIXKeKcOImhYJTdlk' failed: Error during WebSocket handshake: Unexpected response code: 404 @ webpack-internal:///(app-pages-browser)/./node_modules/next/dist/client/dev/hot-reloader/app/web-socket.js:55
[ 5105612ms] [ERROR] WebSocket connection to 'ws://nbrs-fe.test/_next/webpack-hmr?id=Ro18tIXKeKcOImhYJTdlk' failed: Error during WebSocket handshake: Unexpected response code: 404 @ webpack-internal:///(app-pages-browser)/./node_modules/next/dist/client/dev/hot-reloader/app/web-socket.js:55
[ 5106921ms] [ERROR] WebSocket connection to 'ws://nbrs-fe.test/_next/webpack-hmr?id=Ro18tIXKeKcOImhYJTdlk' failed: Error during WebSocket handshake: Unexpected response code: 404 @ webpack-internal:///(app-pages-browser)/./node_modules/next/dist/client/dev/hot-reloader/app/web-socket.js:55
[ 5112310ms] [ERROR] WebSocket connection to 'ws://nbrs-fe.test/_next/webpack-hmr?id=Ro18tIXKeKcOImhYJTdlk' failed: Error during WebSocket handshake: Unexpected response code: 404 @ webpack-internal:///(app-pages-browser)/./node_modules/next/dist/client/dev/hot-reloader/app/web-socket.js:55
[ 5117477ms] [ERROR] WebSocket connection to 'ws://nbrs-fe.test/_next/webpack-hmr?id=Ro18tIXKeKcOImhYJTdlk' failed: Error during WebSocket handshake: Unexpected response code: 404 @ webpack-internal:///(app-pages-browser)/./node_modules/next/dist/client/dev/hot-reloader/app/web-socket.js:55
[ 5122636ms] [ERROR] WebSocket connection to 'ws://nbrs-fe.test/_next/webpack-hmr?id=Ro18tIXKeKcOImhYJTdlk' failed: Error during WebSocket handshake: Unexpected response code: 404 @ webpack-internal:///(app-pages-browser)/./node_modules/next/dist/client/dev/hot-reloader/app/web-socket.js:55
[ 5127808ms] [ERROR] WebSocket connection to 'ws://nbrs-fe.test/_next/webpack-hmr?id=Ro18tIXKeKcOImhYJTdlk' failed: Error during WebSocket handshake: Unexpected response code: 404 @ webpack-internal:///(app-pages-browser)/./node_modules/next/dist/client/dev/hot-reloader/app/web-socket.js:55
[ 5133031ms] [ERROR] WebSocket connection to 'ws://nbrs-fe.test/_next/webpack-hmr?id=Ro18tIXKeKcOImhYJTdlk' failed: Error during WebSocket handshake: Unexpected response code: 404 @ webpack-internal:///(app-pages-browser)/./node_modules/next/dist/client/dev/hot-reloader/app/web-socket.js:55
[ 5138311ms] [ERROR] WebSocket connection to 'ws://nbrs-fe.test/_next/webpack-hmr?id=Ro18tIXKeKcOImhYJTdlk' failed: Error during WebSocket handshake: Unexpected response code: 404 @ webpack-internal:///(app-pages-browser)/./node_modules/next/dist/client/dev/hot-reloader/app/web-socket.js:55
[ 5143863ms] [ERROR] WebSocket connection to 'ws://nbrs-fe.test/_next/webpack-hmr?id=Ro18tIXKeKcOImhYJTdlk' failed: Error during WebSocket handshake: Unexpected response code: 404 @ webpack-internal:///(app-pages-browser)/./node_modules/next/dist/client/dev/hot-reloader/app/web-socket.js:55
[ 5146159ms] [INFO] %cDownload the React DevTools for a better development experience: https://react.dev/link/react-devtools font-weight:bold @ webpack-internal:///(app-pages-browser)/./node_modules/next/dist/next-devtools/shared/forward-logs-shared.js:27
[ 5147535ms] [ERROR] WebSocket connection to 'ws://nbrs-fe.test/_next/webpack-hmr?id=k-jKCeSOK4WoBzxY108Y4' failed: Error during WebSocket handshake: Unexpected response code: 404 @ webpack-internal:///(app-pages-browser)/./node_modules/next/dist/client/dev/hot-reloader/app/web-socket.js:55
[ 5149145ms] [ERROR] WebSocket connection to 'ws://nbrs-fe.test/_next/webpack-hmr?id=k-jKCeSOK4WoBzxY108Y4' failed: Error during WebSocket handshake: Unexpected response code: 404 @ webpack-internal:///(app-pages-browser)/./node_modules/next/dist/client/dev/hot-reloader/app/web-socket.js:55
[ 5151327ms] [ERROR] WebSocket connection to 'ws://nbrs-fe.test/_next/webpack-hmr?id=k-jKCeSOK4WoBzxY108Y4' failed: Error during WebSocket handshake: Unexpected response code: 404 @ webpack-internal:///(app-pages-browser)/./node_modules/next/dist/client/dev/hot-reloader/app/web-socket.js:55
[ 5156955ms] [ERROR] WebSocket connection to 'ws://nbrs-fe.test/_next/webpack-hmr?id=k-jKCeSOK4WoBzxY108Y4' failed: Error during WebSocket handshake: Unexpected response code: 404 @ webpack-internal:///(app-pages-browser)/./node_modules/next/dist/client/dev/hot-reloader/app/web-socket.js:55
[ 5161518ms] [ERROR] WebSocket connection to 'ws://nbrs-fe.test/_next/webpack-hmr?id=k-jKCeSOK4WoBzxY108Y4' failed: Error during WebSocket handshake: Unexpected response code: 404 @ webpack-internal:///(app-pages-browser)/./node_modules/next/dist/client/dev/hot-reloader/app/web-socket.js:55
[ 5166337ms] [ERROR] WebSocket connection to 'ws://nbrs-fe.test/_next/webpack-hmr?id=k-jKCeSOK4WoBzxY108Y4' failed: Error during WebSocket handshake: Unexpected response code: 404 @ webpack-internal:///(app-pages-browser)/./node_modules/next/dist/client/dev/hot-reloader/app/web-socket.js:55
[ 5172743ms] [ERROR] WebSocket connection to 'ws://nbrs-fe.test/_next/webpack-hmr?id=k-jKCeSOK4WoBzxY108Y4' failed: Error during WebSocket handshake: Unexpected response code: 404 @ webpack-internal:///(app-pages-browser)/./node_modules/next/dist/client/dev/hot-reloader/app/web-socket.js:55
[ 5179545ms] [ERROR] WebSocket connection to 'ws://nbrs-fe.test/_next/webpack-hmr?id=k-jKCeSOK4WoBzxY108Y4' failed: Error during WebSocket handshake: Unexpected response code: 404 @ webpack-internal:///(app-pages-browser)/./node_modules/next/dist/client/dev/hot-reloader/app/web-socket.js:55
[ 5186196ms] [ERROR] WebSocket connection to 'ws://nbrs-fe.test/_next/webpack-hmr?id=k-jKCeSOK4WoBzxY108Y4' failed: Error during WebSocket handshake: Unexpected response code: 404 @ webpack-internal:///(app-pages-browser)/./node_modules/next/dist/client/dev/hot-reloader/app/web-socket.js:55
[ 5193694ms] [ERROR] WebSocket connection to 'ws://nbrs-fe.test/_next/webpack-hmr?id=k-jKCeSOK4WoBzxY108Y4' failed: Error during WebSocket handshake: Unexpected response code: 404 @ webpack-internal:///(app-pages-browser)/./node_modules/next/dist/client/dev/hot-reloader/app/web-socket.js:55
[ 5202051ms] [ERROR] WebSocket connection to 'ws://nbrs-fe.test/_next/webpack-hmr?id=k-jKCeSOK4WoBzxY108Y4' failed: Error during WebSocket handshake: Unexpected response code: 404 @ webpack-internal:///(app-pages-browser)/./node_modules/next/dist/client/dev/hot-reloader/app/web-socket.js:55
[ 5210401ms] [ERROR] WebSocket connection to 'ws://nbrs-fe.test/_next/webpack-hmr?id=k-jKCeSOK4WoBzxY108Y4' failed: Error during WebSocket handshake: Unexpected response code: 404 @ webpack-internal:///(app-pages-browser)/./node_modules/next/dist/client/dev/hot-reloader/app/web-socket.js:55
[ 5217011ms] [ERROR] WebSocket connection to 'ws://nbrs-fe.test/_next/webpack-hmr?id=k-jKCeSOK4WoBzxY108Y4' failed: Error during WebSocket handshake: Unexpected response code: 404 @ webpack-internal:///(app-pages-browser)/./node_modules/next/dist/client/dev/hot-reloader/app/web-socket.js:55
[ 5220953ms] [INFO] %cDownload the React DevTools for a better development experience: https://react.dev/link/react-devtools font-weight:bold @ webpack-internal:///(app-pages-browser)/./node_modules/next/dist/next-devtools/shared/forward-logs-shared.js:27
[ 5223226ms] [ERROR] WebSocket connection to 'ws://nbrs-fe.test/_next/webpack-hmr?id=1RCM-GwF0zI6V3SwyZ1aw' failed: Error during WebSocket handshake: Unexpected response code: 404 @ webpack-internal:///(app-pages-browser)/./node_modules/next/dist/client/dev/hot-reloader/app/web-socket.js:55
[ 5229289ms] [ERROR] WebSocket connection to 'ws://nbrs-fe.test/_next/webpack-hmr?id=1RCM-GwF0zI6V3SwyZ1aw' failed: Error during WebSocket handshake: Unexpected response code: 404 @ webpack-internal:///(app-pages-browser)/./node_modules/next/dist/client/dev/hot-reloader/app/web-socket.js:55
[ 5233053ms] [ERROR] WebSocket connection to 'ws://nbrs-fe.test/_next/webpack-hmr?id=1RCM-GwF0zI6V3SwyZ1aw' failed: Error during WebSocket handshake: Unexpected response code: 404 @ webpack-internal:///(app-pages-browser)/./node_modules/next/dist/client/dev/hot-reloader/app/web-socket.js:55
[ 5238073ms] [ERROR] WebSocket connection to 'ws://nbrs-fe.test/_next/webpack-hmr?id=1RCM-GwF0zI6V3SwyZ1aw' failed: Error during WebSocket handshake: Unexpected response code: 404 @ webpack-internal:///(app-pages-browser)/./node_modules/next/dist/client/dev/hot-reloader/app/web-socket.js:55
[ 5243185ms] [ERROR] WebSocket connection to 'ws://nbrs-fe.test/_next/webpack-hmr?id=1RCM-GwF0zI6V3SwyZ1aw' failed: Error during WebSocket handshake: Unexpected response code: 404 @ webpack-internal:///(app-pages-browser)/./node_modules/next/dist/client/dev/hot-reloader/app/web-socket.js:55
[ 5246043ms] [ERROR] WebSocket connection to 'ws://nbrs-fe.test/_next/webpack-hmr?id=1RCM-GwF0zI6V3SwyZ1aw' failed: Error during WebSocket handshake: Unexpected response code: 404 @ webpack-internal:///(app-pages-browser)/./node_modules/next/dist/client/dev/hot-reloader/app/web-socket.js:55
[ 5256041ms] [ERROR] WebSocket connection to 'ws://nbrs-fe.test/_next/webpack-hmr?id=1RCM-GwF0zI6V3SwyZ1aw' failed: Error during WebSocket handshake: Unexpected response code: 404 @ webpack-internal:///(app-pages-browser)/./node_modules/next/dist/client/dev/hot-reloader/app/web-socket.js:55
[ 5262708ms] [ERROR] WebSocket connection to 'ws://nbrs-fe.test/_next/webpack-hmr?id=1RCM-GwF0zI6V3SwyZ1aw' failed: Error during WebSocket handshake: Unexpected response code: 404 @ webpack-internal:///(app-pages-browser)/./node_modules/next/dist/client/dev/hot-reloader/app/web-socket.js:55
[ 5272787ms] [ERROR] WebSocket connection to 'ws://nbrs-fe.test/_next/webpack-hmr?id=1RCM-GwF0zI6V3SwyZ1aw' failed: Error during WebSocket handshake: Unexpected response code: 404 @ webpack-internal:///(app-pages-browser)/./node_modules/next/dist/client/dev/hot-reloader/app/web-socket.js:55
[ 5280643ms] [ERROR] WebSocket connection to 'ws://nbrs-fe.test/_next/webpack-hmr?id=1RCM-GwF0zI6V3SwyZ1aw' failed: Error during WebSocket handshake: Unexpected response code: 404 @ webpack-internal:///(app-pages-browser)/./node_modules/next/dist/client/dev/hot-reloader/app/web-socket.js:55
[ 5288895ms] [ERROR] WebSocket connection to 'ws://nbrs-fe.test/_next/webpack-hmr?id=1RCM-GwF0zI6V3SwyZ1aw' failed: Error during WebSocket handshake: Unexpected response code: 404 @ webpack-internal:///(app-pages-browser)/./node_modules/next/dist/client/dev/hot-reloader/app/web-socket.js:55
[ 5296904ms] [ERROR] WebSocket connection to 'ws://nbrs-fe.test/_next/webpack-hmr?id=1RCM-GwF0zI6V3SwyZ1aw' failed: Error during WebSocket handshake: Unexpected response code: 404 @ webpack-internal:///(app-pages-browser)/./node_modules/next/dist/client/dev/hot-reloader/app/web-socket.js:55
[ 5304356ms] [ERROR] WebSocket connection to 'ws://nbrs-fe.test/_next/webpack-hmr?id=1RCM-GwF0zI6V3SwyZ1aw' failed: Error during WebSocket handshake: Unexpected response code: 404 @ webpack-internal:///(app-pages-browser)/./node_modules/next/dist/client/dev/hot-reloader/app/web-socket.js:55
[ 5307156ms] [INFO] %cDownload the React DevTools for a better development experience: https://react.dev/link/react-devtools font-weight:bold @ webpack-internal:///(app-pages-browser)/./node_modules/next/dist/next-devtools/shared/forward-logs-shared.js:27
[ 5308407ms] [ERROR] WebSocket connection to 'ws://nbrs-fe.test/_next/webpack-hmr?id=MIrz0cb_DtpvkqzG3U6Om' failed: Error during WebSocket handshake: Unexpected response code: 404 @ webpack-internal:///(app-pages-browser)/./node_modules/next/dist/client/dev/hot-reloader/app/web-socket.js:55
[ 5312279ms] [ERROR] WebSocket connection to 'ws://nbrs-fe.test/_next/webpack-hmr?id=MIrz0cb_DtpvkqzG3U6Om' failed: Error during WebSocket handshake: Unexpected response code: 404 @ webpack-internal:///(app-pages-browser)/./node_modules/next/dist/client/dev/hot-reloader/app/web-socket.js:55
[ 5316535ms] [ERROR] WebSocket connection to 'ws://nbrs-fe.test/_next/webpack-hmr?id=MIrz0cb_DtpvkqzG3U6Om' failed: Error during WebSocket handshake: Unexpected response code: 404 @ webpack-internal:///(app-pages-browser)/./node_modules/next/dist/client/dev/hot-reloader/app/web-socket.js:55
[ 5320822ms] [ERROR] WebSocket connection to 'ws://nbrs-fe.test/_next/webpack-hmr?id=MIrz0cb_DtpvkqzG3U6Om' failed: Error during WebSocket handshake: Unexpected response code: 404 @ webpack-internal:///(app-pages-browser)/./node_modules/next/dist/client/dev/hot-reloader/app/web-socket.js:55
[ 5325171ms] [ERROR] WebSocket connection to 'ws://nbrs-fe.test/_next/webpack-hmr?id=MIrz0cb_DtpvkqzG3U6Om' failed: Error during WebSocket handshake: Unexpected response code: 404 @ webpack-internal:///(app-pages-browser)/./node_modules/next/dist/client/dev/hot-reloader/app/web-socket.js:55
[ 5329808ms] [ERROR] WebSocket connection to 'ws://nbrs-fe.test/_next/webpack-hmr?id=MIrz0cb_DtpvkqzG3U6Om' failed: Error during WebSocket handshake: Unexpected response code: 404 @ webpack-internal:///(app-pages-browser)/./node_modules/next/dist/client/dev/hot-reloader/app/web-socket.js:55
[ 5339177ms] [ERROR] WebSocket connection to 'ws://nbrs-fe.test/_next/webpack-hmr?id=MIrz0cb_DtpvkqzG3U6Om' failed: Error during WebSocket handshake: Unexpected response code: 404 @ webpack-internal:///(app-pages-browser)/./node_modules/next/dist/client/dev/hot-reloader/app/web-socket.js:55
[ 5346538ms] [ERROR] WebSocket connection to 'ws://nbrs-fe.test/_next/webpack-hmr?id=MIrz0cb_DtpvkqzG3U6Om' failed: Error during WebSocket handshake: Unexpected response code: 404 @ webpack-internal:///(app-pages-browser)/./node_modules/next/dist/client/dev/hot-reloader/app/web-socket.js:55
[ 5353365ms] [ERROR] WebSocket connection to 'ws://nbrs-fe.test/_next/webpack-hmr?id=MIrz0cb_DtpvkqzG3U6Om' failed: Error during WebSocket handshake: Unexpected response code: 404 @ webpack-internal:///(app-pages-browser)/./node_modules/next/dist/client/dev/hot-reloader/app/web-socket.js:55
[ 5361720ms] [ERROR] WebSocket connection to 'ws://nbrs-fe.test/_next/webpack-hmr?id=MIrz0cb_DtpvkqzG3U6Om' failed: Error during WebSocket handshake: Unexpected response code: 404 @ webpack-internal:///(app-pages-browser)/./node_modules/next/dist/client/dev/hot-reloader/app/web-socket.js:55
[ 5369759ms] [ERROR] WebSocket connection to 'ws://nbrs-fe.test/_next/webpack-hmr?id=MIrz0cb_DtpvkqzG3U6Om' failed: Error during WebSocket handshake: Unexpected response code: 404 @ webpack-internal:///(app-pages-browser)/./node_modules/next/dist/client/dev/hot-reloader/app/web-socket.js:55
[ 5378095ms] [ERROR] WebSocket connection to 'ws://nbrs-fe.test/_next/webpack-hmr?id=MIrz0cb_DtpvkqzG3U6Om' failed: Error during WebSocket handshake: Unexpected response code: 404 @ webpack-internal:///(app-pages-browser)/./node_modules/next/dist/client/dev/hot-reloader/app/web-socket.js:55
[ 5387914ms] [ERROR] WebSocket connection to 'ws://nbrs-fe.test/_next/webpack-hmr?id=MIrz0cb_DtpvkqzG3U6Om' failed: Error during WebSocket handshake: Unexpected response code: 404 @ webpack-internal:///(app-pages-browser)/./node_modules/next/dist/client/dev/hot-reloader/app/web-socket.js:55
[ 5389854ms] [INFO] %cDownload the React DevTools for a better development experience: https://react.dev/link/react-devtools font-weight:bold @ webpack-internal:///(app-pages-browser)/./node_modules/next/dist/next-devtools/shared/forward-logs-shared.js:27
[ 5394176ms] [ERROR] WebSocket connection to 'ws://nbrs-fe.test/_next/webpack-hmr?id=-zGwjHw0JS9YWRtIQEUj_' failed: Error during WebSocket handshake: Unexpected response code: 404 @ webpack-internal:///(app-pages-browser)/./node_modules/next/dist/client/dev/hot-reloader/app/web-socket.js:55
[ 5396928ms] [ERROR] WebSocket connection to 'ws://nbrs-fe.test/_next/webpack-hmr?id=-zGwjHw0JS9YWRtIQEUj_' failed: Error during WebSocket handshake: Unexpected response code: 404 @ webpack-internal:///(app-pages-browser)/./node_modules/next/dist/client/dev/hot-reloader/app/web-socket.js:55
[ 5400513ms] [ERROR] WebSocket connection to 'ws://nbrs-fe.test/_next/webpack-hmr?id=-zGwjHw0JS9YWRtIQEUj_' failed: Error during WebSocket handshake: Unexpected response code: 404 @ webpack-internal:///(app-pages-browser)/./node_modules/next/dist/client/dev/hot-reloader/app/web-socket.js:55
[ 5405413ms] [ERROR] WebSocket connection to 'ws://nbrs-fe.test/_next/webpack-hmr?id=-zGwjHw0JS9YWRtIQEUj_' failed: Error during WebSocket handshake: Unexpected response code: 404 @ webpack-internal:///(app-pages-browser)/./node_modules/next/dist/client/dev/hot-reloader/app/web-socket.js:55
[ 5408283ms] [ERROR] WebSocket connection to 'ws://nbrs-fe.test/_next/webpack-hmr?id=-zGwjHw0JS9YWRtIQEUj_' failed: Error during WebSocket handshake: Unexpected response code: 404 @ webpack-internal:///(app-pages-browser)/./node_modules/next/dist/client/dev/hot-reloader/app/web-socket.js:55
[ 5411345ms] [ERROR] WebSocket connection to 'ws://nbrs-fe.test/_next/webpack-hmr?id=-zGwjHw0JS9YWRtIQEUj_' failed: Error during WebSocket handshake: Unexpected response code: 404 @ webpack-internal:///(app-pages-browser)/./node_modules/next/dist/client/dev/hot-reloader/app/web-socket.js:55
[ 5418773ms] [ERROR] WebSocket connection to 'ws://nbrs-fe.test/_next/webpack-hmr?id=-zGwjHw0JS9YWRtIQEUj_' failed: Error during WebSocket handshake: Unexpected response code: 404 @ webpack-internal:///(app-pages-browser)/./node_modules/next/dist/client/dev/hot-reloader/app/web-socket.js:55
[ 5428117ms] [ERROR] WebSocket connection to 'ws://nbrs-fe.test/_next/webpack-hmr?id=-zGwjHw0JS9YWRtIQEUj_' failed: Error during WebSocket handshake: Unexpected response code: 404 @ webpack-internal:///(app-pages-browser)/./node_modules/next/dist/client/dev/hot-reloader/app/web-socket.js:55
[ 5437259ms] [ERROR] WebSocket connection to 'ws://nbrs-fe.test/_next/webpack-hmr?id=-zGwjHw0JS9YWRtIQEUj_' failed: Error during WebSocket handshake: Unexpected response code: 404 @ webpack-internal:///(app-pages-browser)/./node_modules/next/dist/client/dev/hot-reloader/app/web-socket.js:55
[ 5444559ms] [ERROR] WebSocket connection to 'ws://nbrs-fe.test/_next/webpack-hmr?id=-zGwjHw0JS9YWRtIQEUj_' failed: Error during WebSocket handshake: Unexpected response code: 404 @ webpack-internal:///(app-pages-browser)/./node_modules/next/dist/client/dev/hot-reloader/app/web-socket.js:55
[ 5452691ms] [ERROR] WebSocket connection to 'ws://nbrs-fe.test/_next/webpack-hmr?id=-zGwjHw0JS9YWRtIQEUj_' failed: Error during WebSocket handshake: Unexpected response code: 404 @ webpack-internal:///(app-pages-browser)/./node_modules/next/dist/client/dev/hot-reloader/app/web-socket.js:55
[ 5457786ms] [ERROR] WebSocket connection to 'ws://nbrs-fe.test/_next/webpack-hmr?id=-zGwjHw0JS9YWRtIQEUj_' failed: Error during WebSocket handshake: Unexpected response code: 404 @ webpack-internal:///(app-pages-browser)/./node_modules/next/dist/client/dev/hot-reloader/app/web-socket.js:55
[ 5462875ms] [ERROR] WebSocket connection to 'ws://nbrs-fe.test/_next/webpack-hmr?id=-zGwjHw0JS9YWRtIQEUj_' failed: Error during WebSocket handshake: Unexpected response code: 404 @ webpack-internal:///(app-pages-browser)/./node_modules/next/dist/client/dev/hot-reloader/app/web-socket.js:55
[ 5464749ms] [INFO] %cDownload the React DevTools for a better development experience: https://react.dev/link/react-devtools font-weight:bold @ webpack-internal:///(app-pages-browser)/./node_modules/next/dist/next-devtools/shared/forward-logs-shared.js:27
[ 5465944ms] [ERROR] WebSocket connection to 'ws://nbrs-fe.test/_next/webpack-hmr?id=mtqaSoX8W7bOD_Lu9Wf6p' failed: Error during WebSocket handshake: Unexpected response code: 404 @ webpack-internal:///(app-pages-browser)/./node_modules/next/dist/client/dev/hot-reloader/app/web-socket.js:55
[ 5467045ms] [ERROR] WebSocket connection to 'ws://nbrs-fe.test/_next/webpack-hmr?id=mtqaSoX8W7bOD_Lu9Wf6p' failed: Error during WebSocket handshake: Unexpected response code: 404 @ webpack-internal:///(app-pages-browser)/./node_modules/next/dist/client/dev/hot-reloader/app/web-socket.js:55
[ 5468153ms] [ERROR] WebSocket connection to 'ws://nbrs-fe.test/_next/webpack-hmr?id=mtqaSoX8W7bOD_Lu9Wf6p' failed: Error during WebSocket handshake: Unexpected response code: 404 @ webpack-internal:///(app-pages-browser)/./node_modules/next/dist/client/dev/hot-reloader/app/web-socket.js:55
[ 5469252ms] [ERROR] WebSocket connection to 'ws://nbrs-fe.test/_next/webpack-hmr?id=mtqaSoX8W7bOD_Lu9Wf6p' failed: Error during WebSocket handshake: Unexpected response code: 404 @ webpack-internal:///(app-pages-browser)/./node_modules/next/dist/client/dev/hot-reloader/app/web-socket.js:55
[ 5470395ms] [ERROR] WebSocket connection to 'ws://nbrs-fe.test/_next/webpack-hmr?id=mtqaSoX8W7bOD_Lu9Wf6p' failed: Error during WebSocket handshake: Unexpected response code: 404 @ webpack-internal:///(app-pages-browser)/./node_modules/next/dist/client/dev/hot-reloader/app/web-socket.js:55
[ 5471500ms] [ERROR] WebSocket connection to 'ws://nbrs-fe.test/_next/webpack-hmr?id=mtqaSoX8W7bOD_Lu9Wf6p' failed: Error during WebSocket handshake: Unexpected response code: 404 @ webpack-internal:///(app-pages-browser)/./node_modules/next/dist/client/dev/hot-reloader/app/web-socket.js:55
[ 5476628ms] [ERROR] WebSocket connection to 'ws://nbrs-fe.test/_next/webpack-hmr?id=mtqaSoX8W7bOD_Lu9Wf6p' failed: Error during WebSocket handshake: Unexpected response code: 404 @ webpack-internal:///(app-pages-browser)/./node_modules/next/dist/client/dev/hot-reloader/app/web-socket.js:55
[ 5481742ms] [ERROR] WebSocket connection to 'ws://nbrs-fe.test/_next/webpack-hmr?id=mtqaSoX8W7bOD_Lu9Wf6p' failed: Error during WebSocket handshake: Unexpected response code: 404 @ webpack-internal:///(app-pages-browser)/./node_modules/next/dist/client/dev/hot-reloader/app/web-socket.js:55
[ 5486854ms] [ERROR] WebSocket connection to 'ws://nbrs-fe.test/_next/webpack-hmr?id=mtqaSoX8W7bOD_Lu9Wf6p' failed: Error during WebSocket handshake: Unexpected response code: 404 @ webpack-internal:///(app-pages-browser)/./node_modules/next/dist/client/dev/hot-reloader/app/web-socket.js:55
[ 5492026ms] [ERROR] WebSocket connection to 'ws://nbrs-fe.test/_next/webpack-hmr?id=mtqaSoX8W7bOD_Lu9Wf6p' failed: Error during WebSocket handshake: Unexpected response code: 404 @ webpack-internal:///(app-pages-browser)/./node_modules/next/dist/client/dev/hot-reloader/app/web-socket.js:55
[ 5497322ms] [ERROR] WebSocket connection to 'ws://nbrs-fe.test/_next/webpack-hmr?id=mtqaSoX8W7bOD_Lu9Wf6p' failed: Error during WebSocket handshake: Unexpected response code: 404 @ webpack-internal:///(app-pages-browser)/./node_modules/next/dist/client/dev/hot-reloader/app/web-socket.js:55
[ 5502832ms] [ERROR] WebSocket connection to 'ws://nbrs-fe.test/_next/webpack-hmr?id=mtqaSoX8W7bOD_Lu9Wf6p' failed: Error during WebSocket handshake: Unexpected response code: 404 @ webpack-internal:///(app-pages-browser)/./node_modules/next/dist/client/dev/hot-reloader/app/web-socket.js:55
[ 5508762ms] [ERROR] WebSocket connection to 'ws://nbrs-fe.test/_next/webpack-hmr?id=mtqaSoX8W7bOD_Lu9Wf6p' failed: Error during WebSocket handshake: Unexpected response code: 404 @ webpack-internal:///(app-pages-browser)/./node_modules/next/dist/client/dev/hot-reloader/app/web-socket.js:55
[ 5510881ms] [INFO] %cDownload the React DevTools for a better development experience: https://react.dev/link/react-devtools font-weight:bold @ webpack-internal:///(app-pages-browser)/./node_modules/next/dist/next-devtools/shared/forward-logs-shared.js:27
[ 5512365ms] [ERROR] WebSocket connection to 'ws://nbrs-fe.test/_next/webpack-hmr?id=QHLXGKU_PPLMdjez1zUbV' failed: Error during WebSocket handshake: Unexpected response code: 404 @ webpack-internal:///(app-pages-browser)/./node_modules/next/dist/client/dev/hot-reloader/app/web-socket.js:55
[ 5517895ms] [ERROR] WebSocket connection to 'ws://nbrs-fe.test/_next/webpack-hmr?id=QHLXGKU_PPLMdjez1zUbV' failed: Error during WebSocket handshake: Unexpected response code: 404 @ webpack-internal:///(app-pages-browser)/./node_modules/next/dist/client/dev/hot-reloader/app/web-socket.js:55
[ 5521212ms] [ERROR] WebSocket connection to 'ws://nbrs-fe.test/_next/webpack-hmr?id=QHLXGKU_PPLMdjez1zUbV' failed: Error during WebSocket handshake: Unexpected response code: 404 @ webpack-internal:///(app-pages-browser)/./node_modules/next/dist/client/dev/hot-reloader/app/web-socket.js:55
[ 5527961ms] [ERROR] WebSocket connection to 'ws://nbrs-fe.test/_next/webpack-hmr?id=QHLXGKU_PPLMdjez1zUbV' failed: Error in connection establishment: net::ERR_CONNECTION_REFUSED @ webpack-internal:///(app-pages-browser)/./node_modules/next/dist/client/dev/hot-reloader/app/web-socket.js:55
[ 5535015ms] [ERROR] WebSocket connection to 'ws://nbrs-fe.test/_next/webpack-hmr?id=QHLXGKU_PPLMdjez1zUbV' failed: Error in connection establishment: net::ERR_CONNECTION_REFUSED @ webpack-internal:///(app-pages-browser)/./node_modules/next/dist/client/dev/hot-reloader/app/web-socket.js:55
